user_id,transaction_date,region,product_category,sale_amount,city,age,subscription,raw_timestamp,email,username,price,status,store_id
61,2025-02-19,East,Clothing,75.56,Delhi,21,Basic,2025-02-19 23:33:00,user61@mail.com,user_61,43.63,Pending,104
124,2025-05-15,North,Books,909.57,Kolkata,39,Premium,2025-05-15 17:54:00,user124@mail.com,user_124,103.42,Pending,105
57,2025-03-28,East,Books,221.3,Mumbai,53,Premium,2025-03-28 01:35:00,user57@mail.com,user_57,422.39,Cancelled,103
196,2025-05-14,North,Grocery,980.47,Pune,55,Premium,2025-05-14 18:02:00,,user_196,149.35,,103
176,2025-05-29,North,Furniture,136.52,Chennai,38,Basic,2025-05-29 01:06:00,user176@mail.com,user_176,247.89,Pending,105
130,2025-03-09,East,Grocery,908.2,Bengaluru,55,Free,2025-03-09 04:05:00,,user_130,378.16,Completed,103
273,2025-04-11,East,Furniture,240.6,Hyderabad,27,Premium,2025-04-11 10:52:00,user273@mail.com,user_273,,Cancelled,103
137,2025-01-19,South,Books,913.67,Jaipur,47,Free,2025-01-19 19:16:00,user137@mail.com,user_137,,Pending,105
58,2025-04-06,East,Clothing,328.15,Jaipur,38,Basic,2025-04-06 02:31:00,user58@mail.com,,303.62,Pending,104
58,2025-03-10,South,Books,727.51,Hyderabad,50,Basic,2025-03-10 12:37:00,,user_58,456.22,,103
15,2025-03-14,North,Books,484.97,Delhi,50,Basic,2025-03-14 00:16:00,user15@mail.com,user_15,188.68,Completed,103
134,2025-06-12,East,Grocery,78.61,Bengaluru,51,Premium,2025-06-12 22:37:00,user134@mail.com,user_134,191.05,Pending,103
252,2025-02-25,West,Furniture,936.09,Chennai,46,Basic,2025-02-25 07:37:00,user252@mail.com,user_252,294.65,Completed,103
19,2025-05-06,East,Electronics,166.05,Jaipur,43,Premium,2025-05-06 01:55:00,user19@mail.com,user_19,51.15,Completed,105
65,2025-04-16,South,Books,905.53,Pune,28,Basic,2025-04-16 19:23:00,user65@mail.com,user_65,436.84,Completed,102
249,2025-04-25,West,Clothing,787.1,Delhi,21,Basic,2025-04-25 19:25:00,user249@mail.com,,459.64,Pending,104
208,2025-01-01,West,Books,672.91,Bengaluru,55,Free,2025-01-01 00:42:00,user208@mail.com,,,Pending,102
6,2025-01-07,West,Furniture,754.17,Hyderabad,59,Basic,2025-01-07 22:54:00,user6@mail.com,user_6,416.25,Cancelled,104
283,2025-06-18,North,Electronics,865.64,Jaipur,22,Premium,2025-06-18 23:43:00,user283@mail.com,user_283,414.14,Cancelled,101
181,2025-01-06,North,Grocery,980.46,Chennai,60,Free,2025-01-06 09:08:00,user181@mail.com,user_181,324.3,Pending,101
24,2025-01-31,East,Clothing,688.18,Delhi,55,Premium,2025-01-31 06:24:00,user24@mail.com,user_24,,Completed,102
180,2025-04-10,East,Electronics,155.53,Mumbai,58,Basic,2025-04-10 07:26:00,user180@mail.com,user_180,350.23,Pending,101
104,2025-05-05,South,Furniture,897.84,Jaipur,56,Premium,2025-05-05 16:27:00,user104@mail.com,user_104,277.32,Cancelled,101
171,2025-03-03,West,Clothing,436.75,Delhi,58,Free,2025-03-03 19:20:00,user171@mail.com,user_171,373.54,Cancelled,102
97,2025-05-14,West,Electronics,144.93,Bengaluru,40,Basic,2025-05-14 10:06:00,user97@mail.com,user_97,220.29,Completed,101
290,2025-02-07,North,Books,498.92,Hyderabad,30,Premium,2025-02-07 19:41:00,user290@mail.com,user_290,34.39,Completed,104
80,2025-03-21,North,Electronics,345.04,Mumbai,23,Premium,2025-03-21 03:27:00,user80@mail.com,user_80,243.42,Pending,102
138,2025-02-07,South,Furniture,68.79,Delhi,41,Free,2025-02-07 08:36:00,user138@mail.com,user_138,118.95,Cancelled,103
238,2025-01-28,North,Clothing,357.19,Jaipur,53,Free,2025-01-28 00:45:00,user238@mail.com,user_238,346.93,Cancelled,103
259,2025-01-21,South,Grocery,405.54,Jaipur,46,Premium,2025-01-21 05:52:00,user259@mail.com,user_259,367.59,Cancelled,105
158,2025-01-15,East,Furniture,747.76,Jaipur,39,Premium,2025-01-15 03:27:00,user158@mail.com,user_158,338.38,Cancelled,104
218,2025-02-26,West,Electronics,625.96,Mumbai,21,Basic,2025-02-26 20:07:00,user218@mail.com,user_218,365.95,Cancelled,104
139,2025-05-20,West,Clothing,491.02,Mumbai,32,Basic,2025-05-20 05:25:00,user139@mail.com,user_139,207.58,Pending,103
161,2025-06-26,East,Clothing,233.12,Delhi,26,Premium,2025-06-26 10:36:00,user161@mail.com,user_161,378.63,,105
138,2025-03-10,North,Furniture,407.92,Delhi,35,Premium,2025-03-10 02:42:00,,user_138,93.32,Cancelled,104
283,2025-03-30,South,Books,98.13,Delhi,43,Free,2025-03-30 07:07:00,user283@mail.com,user_283,360.14,Completed,102
269,2025-01-07,North,Furniture,567.94,Jaipur,46,Basic,2025-01-07 10:04:00,user269@mail.com,user_269,277.7,Pending,105
113,2025-02-13,North,Books,356.24,Kolkata,19,Basic,2025-02-13 06:48:00,user113@mail.com,user_113,188.19,Cancelled,104
25,2025-03-08,South,Clothing,278.03,Chennai,54,Premium,2025-03-08 00:10:00,user25@mail.com,user_25,90.64,Completed,102
292,2025-03-24,South,Books,687.24,Bengaluru,49,Free,2025-03-24 13:19:00,,user_292,11.46,Completed,105
102,2025-06-17,West,Grocery,598.19,Pune,44,Premium,2025-06-17 00:58:00,user102@mail.com,user_102,156.85,Completed,104
181,2025-05-22,North,Furniture,954.04,Mumbai,50,Free,2025-05-22 07:59:00,user181@mail.com,,242.46,Cancelled,103
135,2025-01-16,East,Furniture,606.86,Bengaluru,20,Premium,2025-01-16 10:39:00,user135@mail.com,user_135,300.9,Completed,101
247,2025-04-13,North,Books,291.18,Jaipur,56,Basic,2025-04-13 12:40:00,user247@mail.com,user_247,,Pending,101
2,2025-06-06,East,Clothing,899.03,Mumbai,51,Free,2025-06-06 07:29:00,user2@mail.com,user_2,324.81,Cancelled,105
170,2025-05-16,South,Grocery,41.83,Jaipur,17,Premium,2025-05-16 04:24:00,user170@mail.com,user_170,457.97,Pending,105
272,2025-02-17,North,Grocery,525.18,Delhi,23,Premium,2025-02-17 02:03:00,user272@mail.com,user_272,185.75,Cancelled,101
146,2025-04-06,East,Books,915.37,Delhi,38,Premium,2025-04-06 14:06:00,user146@mail.com,user_146,379.99,Cancelled,104
81,2025-04-26,South,Grocery,500.01,Mumbai,24,Premium,2025-04-26 02:34:00,user81@mail.com,user_81,,Cancelled,104
287,2025-03-09,South,Books,705.23,Jaipur,38,Premium,2025-03-09 19:54:00,user287@mail.com,user_287,455.65,,102
68,2025-03-09,East,Books,997.07,Pune,46,Premium,2025-03-09 10:20:00,user68@mail.com,user_68,,Pending,105
231,2025-02-13,North,Books,678.63,Chennai,52,Premium,2025-02-13 06:01:00,user231@mail.com,user_231,106.2,Pending,103
238,2025-05-31,North,Books,568.26,Jaipur,30,Free,2025-05-31 00:42:00,user238@mail.com,user_238,103.6,Completed,102
124,2025-06-07,South,Furniture,701.53,Bengaluru,19,Basic,2025-06-07 09:53:00,user124@mail.com,user_124,498.69,Completed,104
71,2025-04-24,West,Grocery,740.22,Jaipur,29,Premium,2025-04-24 04:07:00,user71@mail.com,user_71,366.3,Pending,104
78,2025-06-06,West,Grocery,179.77,Delhi,22,Basic,2025-06-06 17:39:00,user78@mail.com,user_78,268.16,Pending,103
65,2025-01-25,South,Grocery,927.98,Mumbai,17,Free,2025-01-25 15:32:00,user65@mail.com,user_65,,Completed,104
257,2025-01-19,South,Clothing,878.58,Pune,39,Free,2025-01-19 23:25:00,user257@mail.com,user_257,473.41,Pending,103
141,2025-05-23,East,Electronics,350.43,Mumbai,48,Premium,2025-05-23 09:50:00,user141@mail.com,,181.08,Completed,101
130,2025-03-27,East,Furniture,186.34,Delhi,18,Premium,2025-03-27 00:35:00,,user_130,104.04,Cancelled,105
131,2025-04-14,North,Books,113.41,Delhi,57,Premium,2025-04-14 09:39:00,user131@mail.com,,108.33,Completed,104
17,2025-03-20,East,Books,608.07,Pune,27,Basic,2025-03-20 16:17:00,,user_17,211.71,Completed,103
158,2025-05-14,West,Grocery,187.69,Pune,33,Free,2025-05-14 16:15:00,,user_158,426.87,Completed,103
262,2025-01-21,West,Grocery,254.12,Pune,33,Premium,2025-01-21 21:51:00,user262@mail.com,user_262,426.86,Completed,105
76,2025-01-24,West,Books,344.55,Mumbai,39,Free,2025-01-24 16:11:00,user76@mail.com,user_76,315.59,,103
15,2025-03-01,West,Furniture,41.29,Bengaluru,43,Basic,2025-03-01 11:16:00,,user_15,498.16,Completed,104
74,2025-01-07,South,Electronics,504.42,Pune,52,Basic,2025-01-07 18:41:00,,,230.2,Pending,104
46,2025-04-03,North,Clothing,284.26,Bengaluru,17,Basic,2025-04-03 16:44:00,user46@mail.com,user_46,128.19,Cancelled,105
257,2025-05-07,West,Books,285.49,Jaipur,18,Premium,2025-05-07 21:03:00,user257@mail.com,user_257,283.96,,103
293,2025-01-18,South,Furniture,203.9,Jaipur,47,Basic,2025-01-18 20:00:00,user293@mail.com,user_293,,,101
171,2025-06-13,South,Electronics,486.79,Delhi,56,Free,2025-06-13 23:30:00,user171@mail.com,user_171,11,Cancelled,101
252,2025-04-11,West,Clothing,58.53,Delhi,38,Premium,2025-04-11 13:02:00,user252@mail.com,user_252,,Cancelled,102
81,2025-02-14,South,Furniture,170.44,Pune,60,Premium,2025-02-14 13:25:00,user81@mail.com,user_81,237.2,Cancelled,102
214,2025-04-04,North,Clothing,763.73,Hyderabad,45,Basic,2025-04-04 12:16:00,user214@mail.com,user_214,223.96,Pending,101
232,2025-06-13,North,Grocery,339.94,Bengaluru,35,Free,2025-06-13 02:05:00,user232@mail.com,user_232,307.63,Cancelled,105
247,2025-01-29,North,Furniture,531.42,Jaipur,47,Basic,2025-01-29 00:53:00,user247@mail.com,user_247,464.04,Pending,102
17,2025-06-11,East,Grocery,549.12,Chennai,35,Free,2025-06-11 12:01:00,user17@mail.com,user_17,469.06,,105
27,2025-03-29,West,Clothing,567.14,Jaipur,38,Basic,2025-03-29 23:43:00,user27@mail.com,user_27,,Pending,105
166,2025-06-04,West,Books,713.23,Hyderabad,35,Basic,2025-06-04 21:24:00,user166@mail.com,user_166,,Cancelled,104
241,2025-01-06,South,Books,123.79,Mumbai,37,Basic,2025-01-06 15:51:00,user241@mail.com,user_241,,Cancelled,105
46,2025-06-23,North,Grocery,813.54,Kolkata,24,Premium,2025-06-23 11:12:00,user46@mail.com,user_46,365.44,Completed,103
100,2025-04-24,North,Grocery,430.51,Jaipur,46,Premium,2025-04-24 00:53:00,user100@mail.com,user_100,197.07,Pending,103
85,2025-03-27,West,Furniture,460.31,Jaipur,26,Free,2025-03-27 21:48:00,,user_85,199.64,Cancelled,102
254,2025-01-18,East,Grocery,36.4,Kolkata,18,Basic,2025-01-18 13:28:00,,user_254,334.89,Pending,101
210,2025-04-08,West,Books,31.6,Bengaluru,36,Basic,2025-04-08 03:22:00,user210@mail.com,user_210,380.29,Cancelled,103
218,2025-01-31,East,Furniture,769.13,Chennai,40,Free,2025-01-31 19:30:00,user218@mail.com,user_218,411.87,Completed,105
231,2025-06-28,West,Books,924.51,Mumbai,54,Basic,2025-06-28 19:32:00,user231@mail.com,,445.9,Completed,102
256,2025-06-10,South,Electronics,236.01,Mumbai,25,Basic,2025-06-10 18:52:00,user256@mail.com,user_256,142.15,Cancelled,104
278,2025-05-23,North,Grocery,714.77,Pune,51,Basic,2025-05-23 03:33:00,user278@mail.com,user_278,385.7,Cancelled,103
4,2025-04-16,West,Clothing,986.42,Chennai,25,Basic,2025-04-16 13:29:00,user4@mail.com,user_4,419.02,Pending,103
300,2025-06-18,North,Furniture,418.18,Chennai,17,Free,2025-06-18 12:49:00,user300@mail.com,user_300,494.27,,105
4,2025-03-10,South,Electronics,71.08,Pune,48,Premium,2025-03-10 09:50:00,user4@mail.com,user_4,,Completed,101
171,2025-01-02,South,Electronics,208.96,Pune,54,Free,2025-01-02 15:02:00,user171@mail.com,user_171,409.88,Pending,102
270,2025-04-25,North,Grocery,468.1,Mumbai,54,Premium,2025-04-25 09:26:00,user270@mail.com,,58.06,Completed,102
196,2025-05-22,West,Electronics,965.3,Mumbai,57,Basic,2025-05-22 04:50:00,user196@mail.com,user_196,481.82,Pending,102
168,2025-04-12,East,Books,510.76,Jaipur,41,Free,2025-04-12 10:53:00,user168@mail.com,user_168,,Completed,101
145,2025-03-07,West,Grocery,740.96,Bengaluru,40,Free,2025-03-07 23:30:00,user145@mail.com,user_145,268.25,Completed,105
290,2025-03-03,North,Books,481.45,Delhi,22,Free,2025-03-03 02:47:00,user290@mail.com,user_290,237.73,Cancelled,103
125,2025-05-25,West,Grocery,949.78,Mumbai,57,Basic,2025-05-25 10:51:00,user125@mail.com,user_125,462.57,,102
263,2025-03-18,East,Clothing,957.34,Chennai,22,Premium,2025-03-18 13:22:00,user263@mail.com,user_263,180.98,Cancelled,104
233,2025-06-15,East,Electronics,481.28,Pune,27,Free,2025-06-15 09:59:00,user233@mail.com,user_233,193.31,Completed,103
37,2025-02-05,South,Books,689.84,Delhi,37,Free,2025-02-05 03:58:00,,user_37,314.66,Completed,104
74,2025-04-11,East,Grocery,684.58,Chennai,60,Free,2025-04-11 21:12:00,user74@mail.com,user_74,435.42,,105
92,2025-06-06,North,Grocery,308.13,Mumbai,48,Premium,2025-06-06 23:04:00,user92@mail.com,user_92,116,Pending,103
136,2025-04-21,South,Books,486.02,Mumbai,57,Free,2025-04-21 02:09:00,user136@mail.com,user_136,325.61,Cancelled,105
95,2025-04-28,South,Grocery,455.75,Jaipur,23,Premium,2025-04-28 17:33:00,user95@mail.com,user_95,21.99,,102
167,2025-02-24,East,Furniture,210.49,Hyderabad,46,Free,2025-02-24 11:28:00,user167@mail.com,user_167,53.09,Pending,104
100,2025-01-28,South,Clothing,56.73,Pune,52,Premium,2025-01-28 03:05:00,user100@mail.com,user_100,46.32,Cancelled,103
41,2025-01-17,South,Books,63.37,Jaipur,31,Premium,2025-01-17 02:40:00,user41@mail.com,user_41,152.73,Pending,105
287,2025-04-12,South,Clothing,819.97,Mumbai,59,Basic,2025-04-12 23:26:00,user287@mail.com,user_287,319.54,Cancelled,105
97,2025-02-07,West,Books,639.14,Mumbai,27,Premium,2025-02-07 08:55:00,user97@mail.com,user_97,,Cancelled,101
89,2025-03-08,North,Clothing,712.61,Bengaluru,37,Free,2025-03-08 01:26:00,user89@mail.com,user_89,127.03,Cancelled,104
244,2025-04-25,East,Books,164.7,Jaipur,22,Basic,2025-04-25 09:01:00,user244@mail.com,user_244,490.8,Pending,105
294,2025-06-13,South,Clothing,752.78,Jaipur,42,Basic,2025-06-13 01:45:00,user294@mail.com,user_294,185.37,Completed,105
11,2025-05-31,West,Furniture,267.97,Pune,46,Premium,2025-05-31 09:15:00,user11@mail.com,user_11,385.44,Pending,103
111,2025-02-13,West,Clothing,251.66,Delhi,33,Basic,2025-02-13 05:02:00,user111@mail.com,user_111,143.28,,103
127,2025-06-16,North,Grocery,187.52,Mumbai,33,Free,2025-06-16 11:46:00,user127@mail.com,user_127,21.21,Cancelled,101
89,2025-02-24,West,Books,575.72,Hyderabad,30,Basic,2025-02-24 20:57:00,user89@mail.com,user_89,15.54,,104
16,2025-02-02,West,Electronics,788.43,Pune,35,Premium,2025-02-02 05:14:00,user16@mail.com,user_16,163.75,Pending,105
211,2025-04-27,South,Electronics,679.77,Mumbai,28,Free,2025-04-27 13:39:00,user211@mail.com,user_211,489.66,Cancelled,102
56,2025-04-08,West,Clothing,83.79,Delhi,33,Basic,2025-04-08 07:40:00,user56@mail.com,user_56,67.84,Pending,104
157,2025-03-01,North,Electronics,532.33,Jaipur,36,Free,2025-03-01 03:21:00,user157@mail.com,user_157,,Cancelled,104
114,2025-02-07,West,Furniture,685.32,Bengaluru,57,Basic,2025-02-07 21:54:00,,user_114,491.05,Completed,102
95,2025-02-11,South,Books,63.26,Kolkata,52,Premium,2025-02-11 01:06:00,user95@mail.com,user_95,61.92,Completed,105
270,2025-01-28,North,Books,363.65,Mumbai,45,Free,2025-01-28 12:00:00,user270@mail.com,user_270,,Cancelled,104
125,2025-06-15,South,Electronics,21.98,Jaipur,38,Premium,2025-06-15 19:51:00,user125@mail.com,user_125,465.14,Completed,102
176,2025-02-16,West,Clothing,543.6,Chennai,54,Free,2025-02-16 20:34:00,user176@mail.com,user_176,454.37,Cancelled,102
225,2025-04-29,West,Books,632.28,Delhi,60,Basic,2025-04-29 20:53:00,user225@mail.com,user_225,41.42,,102
153,2025-01-28,East,Clothing,93.28,Chennai,45,Basic,2025-01-28 16:59:00,user153@mail.com,user_153,277.58,Pending,105
131,2025-03-01,West,Books,580.99,Chennai,35,Premium,2025-03-01 12:20:00,user131@mail.com,user_131,487.19,Pending,102
100,2025-01-04,West,Furniture,321.36,Jaipur,40,Basic,2025-01-04 01:45:00,user100@mail.com,,287.83,Cancelled,102
211,2025-04-06,South,Furniture,122.61,Pune,18,Free,2025-04-06 07:06:00,user211@mail.com,user_211,448.14,Pending,103
196,2025-06-15,North,Books,70.42,Delhi,16,Premium,2025-06-15 21:25:00,user196@mail.com,user_196,415.42,Cancelled,104
281,2025-06-01,West,Furniture,700.08,Delhi,21,Free,2025-06-01 20:42:00,user281@mail.com,user_281,22.09,Completed,101
54,2025-06-21,North,Electronics,947.32,Kolkata,44,Free,2025-06-21 05:58:00,user54@mail.com,user_54,271.92,Pending,104
73,2025-03-18,East,Grocery,874.81,Chennai,18,Premium,2025-03-18 04:44:00,user73@mail.com,user_73,406.47,Completed,101
131,2025-06-20,North,Furniture,393.15,Kolkata,43,Basic,2025-06-20 17:53:00,,user_131,403.09,Completed,101
123,2025-02-22,East,Books,932.15,Bengaluru,16,Free,2025-02-22 18:16:00,,user_123,39.51,Cancelled,104
274,2025-01-15,North,Books,283.5,Pune,59,Free,2025-01-15 04:59:00,user274@mail.com,user_274,387.77,Cancelled,102
298,2025-02-04,West,Grocery,873.45,Hyderabad,55,Free,2025-02-04 03:47:00,user298@mail.com,user_298,42.87,Pending,103
127,2025-03-25,West,Furniture,25.24,Pune,45,Free,2025-03-25 08:17:00,user127@mail.com,user_127,293.52,Completed,101
93,2025-02-26,West,Furniture,805.82,Mumbai,55,Free,2025-02-26 21:37:00,user93@mail.com,user_93,175.84,Cancelled,102
44,2025-01-06,East,Clothing,723.5,Pune,23,Premium,2025-01-06 14:10:00,,user_44,309.41,Completed,104
207,2025-05-17,South,Furniture,238.72,Bengaluru,58,Free,2025-05-17 05:28:00,,user_207,67.62,Completed,104
24,2025-03-21,West,Books,567.26,Jaipur,40,Basic,2025-03-21 16:21:00,user24@mail.com,user_24,81.71,,101
202,2025-02-25,North,Electronics,757.74,Delhi,57,Basic,2025-02-25 20:48:00,user202@mail.com,user_202,365.12,Cancelled,102
203,2025-05-10,North,Electronics,858.65,Jaipur,23,Free,2025-05-10 22:20:00,user203@mail.com,user_203,452.81,Pending,103
93,2025-04-24,East,Books,628.75,Delhi,37,Basic,2025-04-24 15:47:00,user93@mail.com,user_93,373.37,Pending,101
3,2025-05-29,North,Furniture,139.88,Mumbai,16,Free,2025-05-29 22:58:00,user3@mail.com,user_3,245.44,Cancelled,104
239,2025-06-12,East,Grocery,649.14,Delhi,18,Free,2025-06-12 02:43:00,user239@mail.com,user_239,410.38,Completed,102
197,2025-06-24,South,Furniture,362.16,Mumbai,26,Basic,2025-06-24 19:09:00,user197@mail.com,user_197,406.08,,104
163,2025-02-27,North,Furniture,181.56,Hyderabad,26,Premium,2025-02-27 23:55:00,user163@mail.com,user_163,430.94,Cancelled,101
138,2025-03-07,North,Clothing,600.31,Bengaluru,28,Premium,2025-03-07 18:37:00,user138@mail.com,user_138,,Pending,105
98,2025-05-21,North,Electronics,399.89,Mumbai,27,Premium,2025-05-21 04:29:00,user98@mail.com,user_98,306,Pending,104
236,2025-01-31,East,Clothing,261.85,Pune,44,Basic,2025-01-31 23:09:00,,user_236,,Cancelled,104
230,2025-05-20,North,Books,229.99,Bengaluru,18,Basic,2025-05-20 20:21:00,user230@mail.com,user_230,463.49,Cancelled,104
225,2025-01-02,North,Books,446.23,Bengaluru,37,Free,2025-01-02 22:20:00,user225@mail.com,user_225,250.05,Pending,104
265,2025-03-06,South,Books,913.88,Jaipur,46,Free,2025-03-06 23:06:00,user265@mail.com,,343.5,Pending,102
224,2025-02-08,East,Electronics,10.27,Delhi,37,Premium,2025-02-08 20:13:00,user224@mail.com,user_224,344.45,Cancelled,101
231,2025-05-14,West,Electronics,574.61,Mumbai,44,Basic,2025-05-14 01:25:00,user231@mail.com,user_231,,Pending,103
44,2025-05-06,East,Clothing,788.29,Pune,55,Premium,2025-05-06 21:12:00,user44@mail.com,user_44,256.58,Pending,105
17,2025-06-06,West,Clothing,724.6,Pune,20,Basic,2025-06-06 04:26:00,user17@mail.com,user_17,106.45,,101
16,2025-02-01,East,Clothing,940.19,Delhi,29,Free,2025-02-01 10:56:00,user16@mail.com,user_16,455.67,,101
282,2025-06-15,North,Furniture,617.16,Kolkata,28,Free,2025-06-15 01:10:00,user282@mail.com,user_282,422.59,Completed,104
188,2025-03-05,South,Books,291.62,Jaipur,40,Basic,2025-03-05 03:30:00,user188@mail.com,user_188,186.62,Completed,101
279,2025-02-08,North,Clothing,577.17,Chennai,38,Free,2025-02-08 23:06:00,user279@mail.com,user_279,353.01,Cancelled,103
88,2025-06-04,West,Electronics,759.94,Delhi,50,Free,2025-06-04 11:12:00,user88@mail.com,user_88,406.16,Cancelled,103
101,2025-06-26,East,Furniture,234.42,Jaipur,59,Free,2025-06-26 13:27:00,user101@mail.com,user_101,332.79,Cancelled,103
258,2025-06-18,North,Electronics,617.36,Mumbai,34,Premium,2025-06-18 04:44:00,user258@mail.com,user_258,177.08,Pending,102
46,2025-01-19,East,Clothing,214.79,Delhi,23,Free,2025-01-19 15:14:00,user46@mail.com,user_46,295.75,Completed,102
120,2025-04-03,North,Electronics,868.95,Mumbai,41,Basic,2025-04-03 00:59:00,user120@mail.com,user_120,213.94,Pending,102
79,2025-02-02,East,Electronics,927.73,Hyderabad,36,Premium,2025-02-02 16:16:00,user79@mail.com,user_79,132.86,Cancelled,104
58,2025-01-26,East,Grocery,256.51,Bengaluru,43,Free,2025-01-26 03:10:00,,user_58,361.83,Cancelled,102
66,2025-05-23,North,Furniture,532.74,Delhi,30,Premium,2025-05-23 15:29:00,user66@mail.com,user_66,496.64,Cancelled,104
263,2025-01-26,North,Furniture,512.62,Kolkata,23,Basic,2025-01-26 17:08:00,user263@mail.com,user_263,339.36,Pending,105
165,2025-05-25,West,Furniture,861.27,Bengaluru,36,Basic,2025-05-25 18:49:00,user165@mail.com,user_165,247.19,Completed,105
84,2025-02-18,West,Furniture,792.31,Delhi,22,Premium,2025-02-18 00:37:00,user84@mail.com,user_84,346.6,Pending,101
226,2025-01-31,West,Furniture,93.24,Kolkata,28,Premium,2025-01-31 19:35:00,user226@mail.com,user_226,67.09,,105
36,2025-04-24,East,Books,22.18,Hyderabad,28,Free,2025-04-24 20:53:00,user36@mail.com,user_36,471.34,Pending,105
116,2025-01-05,East,Electronics,366.32,Delhi,35,Basic,2025-01-05 16:50:00,user116@mail.com,user_116,134.75,Completed,102
159,2025-01-04,East,Furniture,779.42,Bengaluru,53,Basic,2025-01-04 18:26:00,user159@mail.com,user_159,155.18,Completed,102
85,2025-01-09,West,Clothing,872.13,Delhi,23,Premium,2025-01-09 17:29:00,user85@mail.com,user_85,87.1,Pending,103
16,2025-03-11,East,Furniture,243.73,Chennai,21,Free,2025-03-11 01:25:00,user16@mail.com,user_16,466.19,,103
18,2025-02-23,South,Books,194.96,Pune,23,Free,2025-02-23 05:35:00,user18@mail.com,user_18,265.53,Cancelled,105
67,2025-05-08,East,Books,825.01,Mumbai,46,Premium,2025-05-08 19:19:00,,user_67,466.69,Cancelled,102
248,2025-04-06,West,Electronics,437.38,Mumbai,33,Premium,2025-04-06 01:15:00,user248@mail.com,user_248,356.01,,101
116,2025-03-19,North,Furniture,690.82,Jaipur,53,Free,2025-03-19 15:34:00,user116@mail.com,user_116,180.3,Completed,105
109,2025-05-19,South,Furniture,691.05,Pune,33,Free,2025-05-19 06:07:00,user109@mail.com,user_109,353.52,Pending,101
26,2025-01-23,North,Books,979.69,Bengaluru,51,Basic,2025-01-23 22:32:00,user26@mail.com,user_26,255.75,Cancelled,104
185,2025-04-09,West,Furniture,403.68,Pune,44,Basic,2025-04-09 05:18:00,,user_185,69.54,,104
2,2025-03-12,North,Furniture,493.3,Bengaluru,25,Basic,2025-03-12 15:06:00,user2@mail.com,user_2,81.17,Pending,105
251,2025-06-19,North,Grocery,416.7,Mumbai,53,Free,2025-06-19 13:21:00,,user_251,348.91,Cancelled,105
35,2025-04-13,East,Electronics,613.97,Delhi,44,Basic,2025-04-13 03:43:00,user35@mail.com,user_35,87.63,Cancelled,104
148,2025-01-20,South,Books,586.03,Mumbai,49,Basic,2025-01-20 21:23:00,user148@mail.com,user_148,429.55,Cancelled,104
193,2025-02-05,South,Grocery,142.76,Bengaluru,27,Premium,2025-02-05 07:54:00,user193@mail.com,user_193,321.4,Completed,101
219,2025-05-19,East,Furniture,573.54,Hyderabad,52,Basic,2025-05-19 00:37:00,user219@mail.com,user_219,22.75,,105
119,2025-06-08,North,Books,769.1,Delhi,35,Free,2025-06-08 05:37:00,user119@mail.com,user_119,358.67,Cancelled,102
85,2025-02-11,North,Clothing,833.55,Chennai,46,Basic,2025-02-11 15:07:00,user85@mail.com,user_85,478.15,,103
253,2025-05-23,West,Electronics,465.7,Bengaluru,17,Free,2025-05-23 13:28:00,user253@mail.com,,429.92,,105
231,2025-03-25,North,Furniture,841.07,Delhi,33,Basic,2025-03-25 10:17:00,user231@mail.com,user_231,423.42,Cancelled,103
2,2025-02-12,South,Books,203.9,Pune,60,Basic,2025-02-12 10:00:00,user2@mail.com,user_2,,Completed,101
61,2025-05-07,North,Electronics,177.17,Chennai,60,Free,2025-05-07 07:19:00,user61@mail.com,user_61,420.68,Cancelled,103
218,2025-03-12,West,Books,686.74,Mumbai,16,Premium,2025-03-12 02:48:00,user218@mail.com,user_218,70.88,Cancelled,104
296,2025-04-23,North,Clothing,140.03,Chennai,58,Basic,2025-04-23 15:54:00,,user_296,476.62,Cancelled,105
16,2025-04-04,South,Clothing,209.15,Delhi,49,Basic,2025-04-04 16:23:00,user16@mail.com,user_16,321.57,Pending,104
25,2025-03-31,South,Books,258.44,Pune,24,Free,2025-03-31 05:37:00,user25@mail.com,user_25,452.65,Pending,104
176,2025-03-09,South,Clothing,948.92,Hyderabad,57,Premium,2025-03-09 01:58:00,user176@mail.com,user_176,464.38,Cancelled,102
141,2025-01-17,South,Electronics,11.1,Pune,16,Free,2025-01-17 22:32:00,user141@mail.com,user_141,390.44,Completed,105
108,2025-05-07,North,Furniture,420.02,Delhi,45,Premium,2025-05-07 07:22:00,user108@mail.com,user_108,241.24,Cancelled,103
58,2025-02-14,East,Grocery,188.4,Hyderabad,46,Free,2025-02-14 10:00:00,user58@mail.com,user_58,445.63,Pending,104
294,2025-02-05,East,Grocery,446.49,Pune,36,Premium,2025-02-05 16:10:00,user294@mail.com,user_294,270.78,,103
241,2025-04-21,North,Electronics,285.71,Mumbai,48,Free,2025-04-21 22:40:00,user241@mail.com,user_241,455.88,Pending,101
293,2025-01-31,South,Grocery,94.88,Mumbai,33,Free,2025-01-31 12:02:00,user293@mail.com,user_293,161.47,Cancelled,103
46,2025-05-17,South,Furniture,966.53,Jaipur,44,Premium,2025-05-17 20:56:00,user46@mail.com,user_46,373.8,Pending,103
66,2025-05-21,North,Furniture,93.98,Mumbai,22,Basic,2025-05-21 10:33:00,user66@mail.com,user_66,,Completed,104
121,2025-02-26,East,Furniture,539.09,Mumbai,55,Premium,2025-02-26 01:42:00,user121@mail.com,user_121,,Completed,102
234,2025-03-09,North,Electronics,895.16,Jaipur,34,Basic,2025-03-09 00:04:00,user234@mail.com,user_234,280.74,Pending,104
249,2025-02-05,West,Books,603.12,Pune,22,Premium,2025-02-05 00:26:00,user249@mail.com,user_249,,Cancelled,105
134,2025-06-21,South,Grocery,204.64,Delhi,30,Basic,2025-06-21 04:09:00,user134@mail.com,user_134,8.83,Pending,105
122,2025-05-13,South,Grocery,381.7,Mumbai,51,Premium,2025-05-13 04:38:00,user122@mail.com,user_122,,Cancelled,101
125,2025-01-11,South,Electronics,855.03,Pune,41,Premium,2025-01-11 02:18:00,user125@mail.com,user_125,5.66,,103
236,2025-02-05,East,Clothing,549.81,Pune,37,Basic,2025-02-05 11:41:00,user236@mail.com,,111.45,Completed,105
58,2025-06-15,North,Furniture,872.19,Bengaluru,41,Free,2025-06-15 20:26:00,user58@mail.com,user_58,84.61,Pending,102
285,2025-05-11,South,Electronics,41.75,Pune,37,Free,2025-05-11 17:29:00,user285@mail.com,user_285,126.13,Cancelled,105
175,2025-02-28,South,Clothing,607.26,Mumbai,17,Free,2025-02-28 04:54:00,user175@mail.com,user_175,236.75,Completed,104
259,2025-05-22,South,Electronics,661.89,Mumbai,53,Premium,2025-05-22 13:33:00,user259@mail.com,,357.47,Cancelled,105
156,2025-03-15,West,Clothing,285.49,Hyderabad,59,Free,2025-03-15 10:05:00,user156@mail.com,user_156,,Completed,105
120,2025-06-14,North,Grocery,175.72,Pune,24,Premium,2025-06-14 14:04:00,user120@mail.com,user_120,204.41,Cancelled,104
157,2025-06-21,West,Books,202.59,Chennai,59,Free,2025-06-21 00:30:00,user157@mail.com,user_157,334.5,Cancelled,103
231,2025-01-28,West,Furniture,318.8,Jaipur,56,Basic,2025-01-28 18:01:00,user231@mail.com,user_231,,Pending,104
156,2025-02-09,West,Clothing,978.24,Pune,33,Basic,2025-02-09 06:40:00,user156@mail.com,user_156,325.62,Pending,102
287,2025-03-13,West,Books,38.96,Bengaluru,53,Premium,2025-03-13 00:29:00,user287@mail.com,user_287,421.32,Completed,102
43,2025-06-25,East,Clothing,556.66,Delhi,43,Free,2025-06-25 03:48:00,user43@mail.com,user_43,210.64,Pending,105
154,2025-05-11,East,Electronics,460.69,Hyderabad,51,Premium,2025-05-11 08:05:00,user154@mail.com,user_154,267.08,Completed,104
294,2025-06-22,South,Furniture,251.76,Mumbai,27,Basic,2025-06-22 10:01:00,user294@mail.com,user_294,245.71,Pending,105
43,2025-01-10,North,Electronics,138.87,Kolkata,36,Free,2025-01-10 02:16:00,user43@mail.com,user_43,330.89,Completed,103
173,2025-02-24,East,Electronics,299.67,Jaipur,27,Free,2025-02-24 13:27:00,user173@mail.com,user_173,233.06,Pending,103
282,2025-06-27,North,Grocery,332.2,Jaipur,33,Premium,2025-06-27 15:17:00,user282@mail.com,user_282,8.23,Completed,103
264,2025-01-17,North,Clothing,299.36,Chennai,21,Free,2025-01-17 12:26:00,user264@mail.com,user_264,131.94,Pending,103
288,2025-02-15,South,Electronics,795.07,Delhi,28,Premium,2025-02-15 09:02:00,,user_288,437.24,Cancelled,105
100,2025-02-14,East,Clothing,164.45,Pune,37,Premium,2025-02-14 03:51:00,user100@mail.com,user_100,249.83,Completed,105
218,2025-04-10,South,Furniture,533.28,Bengaluru,24,Premium,2025-04-10 03:33:00,user218@mail.com,user_218,309.04,,105
99,2025-02-03,South,Clothing,199.1,Bengaluru,51,Basic,2025-02-03 15:36:00,user99@mail.com,user_99,188.79,Pending,105
34,2025-06-06,East,Books,378.14,Jaipur,30,Basic,2025-06-06 05:33:00,user34@mail.com,,242.36,Pending,103
285,2025-02-08,West,Furniture,739.58,Pune,19,Premium,2025-02-08 02:43:00,user285@mail.com,user_285,228.45,Completed,103
174,2025-03-04,South,Books,749.62,Kolkata,51,Premium,2025-03-04 19:58:00,user174@mail.com,user_174,272.33,Cancelled,102
114,2025-01-10,South,Electronics,135.93,Bengaluru,31,Premium,2025-01-10 04:38:00,user114@mail.com,user_114,224.31,Cancelled,103
132,2025-03-02,West,Grocery,510.17,Pune,24,Free,2025-03-02 14:31:00,user132@mail.com,user_132,307.36,Cancelled,105
183,2025-03-04,East,Electronics,556.23,Pune,19,Premium,2025-03-04 11:53:00,user183@mail.com,user_183,155.71,Cancelled,102
106,2025-01-06,South,Books,123.66,Bengaluru,26,Premium,2025-01-06 05:30:00,user106@mail.com,user_106,182.47,Completed,103
82,2025-06-21,East,Grocery,343.96,Delhi,17,Free,2025-06-21 09:02:00,user82@mail.com,user_82,5.5,Completed,103
175,2025-01-12,South,Books,40.71,Chennai,48,Free,2025-01-12 14:01:00,user175@mail.com,user_175,131.42,Cancelled,103
118,2025-04-19,South,Grocery,22,Mumbai,40,Basic,2025-04-19 03:56:00,user118@mail.com,user_118,249.54,,104
105,2025-06-25,West,Books,453.66,Bengaluru,46,Basic,2025-06-25 11:55:00,user105@mail.com,user_105,,,105
28,2025-05-05,South,Electronics,283.59,Bengaluru,51,Basic,2025-05-05 17:18:00,user28@mail.com,user_28,331.33,Cancelled,101
298,2025-06-23,West,Books,963.92,Kolkata,41,Premium,2025-06-23 01:41:00,user298@mail.com,user_298,87.81,Completed,103
25,2025-03-16,East,Books,714.42,Jaipur,33,Free,2025-03-16 22:55:00,user25@mail.com,user_25,125.33,Pending,105
244,2025-05-14,East,Furniture,261.77,Jaipur,52,Free,2025-05-14 11:35:00,user244@mail.com,user_244,399.97,,101
12,2025-05-06,South,Books,345.66,Pune,30,Free,2025-05-06 17:50:00,user12@mail.com,user_12,279.41,Pending,103
261,2025-04-11,West,Grocery,908.95,Bengaluru,45,Premium,2025-04-11 18:08:00,user261@mail.com,user_261,103.22,Cancelled,105
262,2025-05-11,South,Grocery,454.84,Delhi,56,Basic,2025-05-11 04:54:00,user262@mail.com,user_262,119.96,Pending,102
234,2025-04-15,West,Books,403.18,Bengaluru,49,Free,2025-04-15 04:14:00,user234@mail.com,user_234,,,104
208,2025-01-09,North,Books,268.79,Delhi,26,Basic,2025-01-09 12:04:00,user208@mail.com,user_208,371.34,Pending,102
295,2025-05-05,South,Electronics,741.85,Mumbai,53,Premium,2025-05-05 06:55:00,user295@mail.com,user_295,485.66,Pending,103
24,2025-05-09,North,Clothing,18.01,Hyderabad,16,Free,2025-05-09 13:10:00,user24@mail.com,user_24,,Cancelled,103
130,2025-03-29,North,Furniture,679.38,Jaipur,48,Basic,2025-03-29 09:05:00,user130@mail.com,user_130,434.49,,103
3,2025-04-26,North,Clothing,497.1,Jaipur,29,Premium,2025-04-26 19:03:00,user3@mail.com,user_3,272.94,Pending,105
162,2025-04-28,West,Grocery,148.1,Mumbai,37,Basic,2025-04-28 21:00:00,user162@mail.com,user_162,107.33,Completed,101
288,2025-05-18,West,Electronics,178.96,Jaipur,30,Basic,2025-05-18 05:46:00,user288@mail.com,user_288,328.78,Pending,102
283,2025-06-14,West,Clothing,689.68,Bengaluru,25,Free,2025-06-14 22:15:00,user283@mail.com,user_283,355.25,,104
252,2025-02-11,West,Clothing,880.85,Jaipur,60,Basic,2025-02-11 13:39:00,user252@mail.com,user_252,65.21,,105
55,2025-06-14,South,Grocery,814.83,Mumbai,20,Basic,2025-06-14 03:49:00,user55@mail.com,user_55,194.29,Completed,101
254,2025-04-20,East,Electronics,537.98,Jaipur,38,Basic,2025-04-20 09:39:00,user254@mail.com,user_254,94.9,Pending,101
194,2025-04-22,West,Books,508.35,Mumbai,39,Basic,2025-04-22 17:22:00,user194@mail.com,user_194,163.24,Pending,103
153,2025-03-17,West,Grocery,55.72,Jaipur,59,Free,2025-03-17 19:58:00,user153@mail.com,user_153,300.11,Pending,101
92,2025-02-27,East,Grocery,700.51,Chennai,44,Premium,2025-02-27 09:02:00,user92@mail.com,user_92,187.4,Cancelled,104
12,2025-06-25,West,Clothing,826.08,Jaipur,32,Basic,2025-06-25 04:49:00,user12@mail.com,user_12,454.86,Pending,104
35,2025-03-02,West,Furniture,96.81,Delhi,37,Basic,2025-03-02 11:25:00,user35@mail.com,user_35,152.25,,102
40,2025-03-10,South,Books,416.5,Delhi,35,Premium,2025-03-10 08:05:00,user40@mail.com,,405.52,Pending,104
208,2025-06-28,South,Books,135.8,Pune,53,Basic,2025-06-28 02:44:00,user208@mail.com,user_208,472.64,Pending,103
75,2025-02-15,West,Grocery,29.2,Kolkata,36,Premium,2025-02-15 16:44:00,user75@mail.com,user_75,36.78,Completed,104
210,2025-01-15,West,Electronics,333.65,Jaipur,37,Basic,2025-01-15 20:01:00,user210@mail.com,user_210,6.62,,104
30,2025-01-06,East,Books,221.64,Pune,30,Basic,2025-01-06 05:32:00,user30@mail.com,user_30,487.16,Cancelled,104
76,2025-05-10,West,Electronics,59.45,Delhi,28,Basic,2025-05-10 11:37:00,user76@mail.com,user_76,236.43,Cancelled,103
253,2025-05-13,East,Grocery,686.65,Pune,53,Premium,2025-05-13 01:24:00,user253@mail.com,user_253,236.32,Cancelled,103
147,2025-04-01,West,Electronics,162.96,Bengaluru,45,Premium,2025-04-01 15:40:00,user147@mail.com,user_147,492.86,Cancelled,104
87,2025-02-12,South,Furniture,74.7,Jaipur,20,Premium,2025-02-12 05:59:00,user87@mail.com,user_87,,Pending,101
274,2025-04-28,West,Furniture,418.43,Chennai,45,Basic,2025-04-28 12:23:00,user274@mail.com,user_274,319.61,Cancelled,102
253,2025-01-01,North,Grocery,862.1,Delhi,23,Free,2025-01-01 00:26:00,user253@mail.com,user_253,235.4,Pending,105
86,2025-01-10,North,Books,628.36,Bengaluru,54,Basic,2025-01-10 18:49:00,user86@mail.com,user_86,163.34,Cancelled,101
267,2025-01-30,South,Electronics,741.91,Delhi,40,Free,2025-01-30 04:47:00,user267@mail.com,user_267,146.03,Pending,103
279,2025-06-19,East,Furniture,749.25,Delhi,45,Basic,2025-06-19 06:11:00,user279@mail.com,user_279,282.27,Pending,105
252,2025-01-19,East,Furniture,148.35,Delhi,18,Premium,2025-01-19 20:22:00,user252@mail.com,,496.97,Cancelled,105
70,2025-02-20,East,Grocery,623.37,Bengaluru,45,Free,2025-02-20 21:45:00,user70@mail.com,user_70,77.59,Completed,105
298,2025-05-16,South,Grocery,896.54,Jaipur,20,Basic,2025-05-16 19:59:00,user298@mail.com,,34.93,,105
12,2025-04-06,East,Furniture,119.14,Chennai,38,Basic,2025-04-06 07:36:00,,user_12,98.74,Cancelled,103
261,2025-05-28,North,Furniture,851.63,Bengaluru,20,Basic,2025-05-28 15:46:00,user261@mail.com,user_261,107.19,,103
95,2025-02-17,East,Electronics,544.14,Bengaluru,43,Basic,2025-02-17 00:31:00,,user_95,497.62,Cancelled,104
92,2025-03-25,South,Clothing,765.98,Mumbai,53,Free,2025-03-25 15:33:00,user92@mail.com,user_92,316.98,Completed,102
210,2025-01-09,South,Furniture,613.02,Mumbai,21,Basic,2025-01-09 17:42:00,user210@mail.com,user_210,411.88,,101
35,2025-02-18,North,Clothing,431.49,Pune,36,Basic,2025-02-18 23:51:00,user35@mail.com,user_35,134.58,Completed,101
221,2025-06-24,North,Furniture,909,Delhi,31,Free,2025-06-24 17:50:00,user221@mail.com,user_221,419.25,Completed,105
266,2025-02-15,East,Furniture,647.3,Pune,57,Free,2025-02-15 03:45:00,user266@mail.com,user_266,162.51,Completed,104
105,2025-06-22,South,Furniture,219.7,Delhi,60,Basic,2025-06-22 09:46:00,user105@mail.com,user_105,116.44,,101
77,2025-01-25,South,Clothing,747.12,Delhi,55,Free,2025-01-25 10:40:00,user77@mail.com,user_77,49.14,Pending,105
134,2025-01-13,West,Electronics,458.83,Kolkata,41,Premium,2025-01-13 21:51:00,user134@mail.com,user_134,336.48,Pending,103
236,2025-04-19,North,Clothing,372.31,Delhi,21,Premium,2025-04-19 21:06:00,user236@mail.com,user_236,10.93,Pending,103
112,2025-04-25,East,Electronics,806.43,Hyderabad,16,Free,2025-04-25 00:28:00,user112@mail.com,user_112,260.24,Completed,104
155,2025-01-05,West,Grocery,55.53,Mumbai,37,Free,2025-01-05 16:03:00,user155@mail.com,user_155,,Pending,105
118,2025-04-21,East,Books,731.99,Delhi,55,Premium,2025-04-21 20:54:00,user118@mail.com,user_118,400.22,Cancelled,104
117,2025-04-05,North,Electronics,764.4,Pune,52,Basic,2025-04-05 23:39:00,user117@mail.com,user_117,103.36,Cancelled,103
227,2025-03-08,North,Books,704.46,Chennai,59,Premium,2025-03-08 06:34:00,user227@mail.com,user_227,384.19,Completed,102
188,2025-04-05,West,Electronics,452.94,Jaipur,23,Premium,2025-04-05 22:52:00,user188@mail.com,,182.42,Cancelled,103
196,2025-05-24,South,Electronics,16.64,Chennai,35,Free,2025-05-24 20:45:00,user196@mail.com,user_196,113.08,Completed,105
100,2025-05-08,West,Books,388.83,Pune,50,Free,2025-05-08 05:39:00,user100@mail.com,user_100,109.05,Pending,102
82,2025-06-09,North,Grocery,80.94,Jaipur,46,Basic,2025-06-09 13:07:00,user82@mail.com,user_82,463.2,Completed,104
298,2025-03-07,West,Books,283.56,Jaipur,31,Premium,2025-03-07 16:11:00,user298@mail.com,user_298,487.27,Pending,102
90,2025-01-23,North,Clothing,442.5,Jaipur,37,Basic,2025-01-23 23:52:00,user90@mail.com,user_90,96.39,Completed,103
229,2025-05-15,West,Grocery,46.32,Jaipur,20,Premium,2025-05-15 17:16:00,user229@mail.com,user_229,284.89,Cancelled,103
22,2025-06-27,East,Clothing,79.76,Chennai,44,Basic,2025-06-27 07:23:00,user22@mail.com,user_22,199.14,Completed,103
203,2025-05-02,West,Grocery,67.81,Kolkata,54,Premium,2025-05-02 19:43:00,user203@mail.com,user_203,,Pending,102
243,2025-02-10,North,Books,878.19,Delhi,26,Free,2025-02-10 06:17:00,user243@mail.com,user_243,279.61,Pending,104
278,2025-04-07,West,Electronics,979.51,Pune,39,Basic,2025-04-07 01:12:00,user278@mail.com,user_278,407.52,Pending,102
102,2025-03-28,West,Electronics,963.07,Jaipur,17,Free,2025-03-28 09:21:00,user102@mail.com,user_102,117.63,Pending,105
258,2025-05-27,South,Furniture,761.68,Mumbai,53,Premium,2025-05-27 09:15:00,user258@mail.com,user_258,328.56,Cancelled,101
267,2025-02-05,North,Furniture,763.69,Mumbai,19,Basic,2025-02-05 16:43:00,user267@mail.com,user_267,,Cancelled,104
63,2025-04-13,West,Clothing,730.45,Pune,50,Basic,2025-04-13 00:22:00,user63@mail.com,user_63,63.8,Cancelled,105
155,2025-02-28,West,Clothing,623.62,Pune,38,Free,2025-02-28 16:35:00,user155@mail.com,user_155,111.4,,102
234,2025-02-20,East,Grocery,256.82,Jaipur,34,Premium,2025-02-20 13:04:00,user234@mail.com,user_234,88.17,,104
57,2025-02-16,South,Electronics,487.24,Jaipur,21,Free,2025-02-16 06:25:00,user57@mail.com,user_57,5.87,,104
219,2025-06-20,West,Grocery,597.05,Mumbai,30,Basic,2025-06-20 22:49:00,user219@mail.com,user_219,214.21,Pending,104
84,2025-04-12,South,Grocery,463.09,Kolkata,25,Free,2025-04-12 07:51:00,user84@mail.com,user_84,34.22,Pending,101
48,2025-03-15,West,Grocery,51.36,Delhi,25,Free,2025-03-15 20:34:00,user48@mail.com,user_48,331.19,Cancelled,102
278,2025-05-19,South,Electronics,217.01,Mumbai,43,Basic,2025-05-19 03:23:00,user278@mail.com,user_278,303.92,Pending,101
109,2025-06-22,West,Grocery,986.82,Jaipur,25,Free,2025-06-22 19:31:00,user109@mail.com,user_109,394.51,Cancelled,103
61,2025-06-08,North,Furniture,111.65,Pune,18,Basic,2025-06-08 09:24:00,user61@mail.com,,,Pending,102
181,2025-04-22,North,Furniture,329.45,Jaipur,49,Free,2025-04-22 01:54:00,user181@mail.com,,267.3,Pending,101
25,2025-06-22,North,Books,463.75,Mumbai,53,Premium,2025-06-22 04:01:00,,,32.92,Completed,104
111,2025-05-01,North,Furniture,204.31,Jaipur,57,Free,2025-05-01 17:19:00,user111@mail.com,user_111,290.58,Pending,105
233,2025-02-05,South,Furniture,404.68,Pune,31,Free,2025-02-05 02:43:00,user233@mail.com,user_233,,Cancelled,102
146,2025-04-04,West,Books,379.12,Pune,55,Premium,2025-04-04 08:17:00,user146@mail.com,,60.39,,103
122,2025-02-06,West,Grocery,131.05,Delhi,39,Premium,2025-02-06 14:54:00,user122@mail.com,user_122,99.01,Cancelled,103
202,2025-06-27,West,Clothing,547.01,Bengaluru,58,Basic,2025-06-27 13:19:00,user202@mail.com,user_202,304.17,,101
261,2025-04-16,South,Grocery,288.63,Mumbai,55,Premium,2025-04-16 15:31:00,user261@mail.com,user_261,212.21,Pending,104
250,2025-05-07,West,Grocery,264.64,Jaipur,59,Basic,2025-05-07 09:27:00,,user_250,9.22,Completed,105
218,2025-05-02,South,Clothing,482.24,Jaipur,57,Premium,2025-05-02 02:14:00,user218@mail.com,user_218,213.45,Cancelled,101
14,2025-01-06,South,Books,161.89,Jaipur,22,Premium,2025-01-06 23:39:00,user14@mail.com,user_14,,Completed,104
236,2025-06-04,North,Electronics,575.97,Jaipur,50,Basic,2025-06-04 15:56:00,user236@mail.com,user_236,105.92,Cancelled,103
297,2025-03-12,North,Books,191.31,Delhi,28,Basic,2025-03-12 02:43:00,user297@mail.com,user_297,494.69,Pending,104
143,2025-04-15,East,Clothing,58.21,Delhi,16,Premium,2025-04-15 08:38:00,user143@mail.com,user_143,311.81,Cancelled,104
201,2025-04-26,West,Grocery,141.93,Mumbai,51,Free,2025-04-26 09:43:00,user201@mail.com,user_201,136.8,Completed,102
299,2025-04-13,West,Furniture,30.25,Delhi,41,Premium,2025-04-13 05:07:00,user299@mail.com,user_299,301.6,Completed,102
237,2025-03-11,North,Clothing,116.3,Delhi,23,Free,2025-03-11 12:33:00,user237@mail.com,user_237,393.59,Pending,102
276,2025-02-22,South,Clothing,703.06,Jaipur,35,Basic,2025-02-22 17:22:00,user276@mail.com,user_276,301.24,Completed,101
25,2025-05-24,East,Books,182.81,Jaipur,51,Basic,2025-05-24 01:57:00,user25@mail.com,user_25,282.06,,103
52,2025-05-13,West,Electronics,122.09,Delhi,29,Premium,2025-05-13 18:53:00,user52@mail.com,user_52,345.88,Cancelled,105
249,2025-02-10,South,Electronics,638.51,Bengaluru,45,Premium,2025-02-10 18:45:00,user249@mail.com,user_249,,Completed,102
47,2025-02-22,North,Clothing,566.66,Mumbai,39,Free,2025-02-22 12:11:00,user47@mail.com,user_47,381.38,Pending,104
156,2025-02-19,South,Electronics,968.24,Chennai,18,Basic,2025-02-19 13:41:00,user156@mail.com,,12.73,Completed,105
215,2025-02-19,North,Grocery,168.61,Bengaluru,39,Free,2025-02-19 23:21:00,,user_215,,Pending,102
180,2025-06-06,North,Clothing,900.92,Mumbai,32,Basic,2025-06-06 01:16:00,user180@mail.com,user_180,92.15,Cancelled,103
14,2025-02-25,West,Electronics,482.03,Jaipur,28,Premium,2025-02-25 06:29:00,user14@mail.com,user_14,,,102
154,2025-06-11,North,Grocery,687.79,Jaipur,38,Premium,2025-06-11 08:34:00,user154@mail.com,user_154,411.98,,101
228,2025-02-01,West,Books,342.86,Hyderabad,33,Free,2025-02-01 07:05:00,user228@mail.com,user_228,358.96,Cancelled,101
154,2025-04-19,North,Books,240.05,Delhi,28,Premium,2025-04-19 18:06:00,user154@mail.com,user_154,,Completed,104
153,2025-01-01,East,Books,612.82,Kolkata,60,Premium,2025-01-01 13:11:00,user153@mail.com,user_153,432.24,Pending,103
87,2025-06-22,South,Grocery,151.49,Pune,56,Free,2025-06-22 20:25:00,user87@mail.com,user_87,121.78,Pending,102
282,2025-03-26,West,Furniture,318.48,Delhi,58,Premium,2025-03-26 18:27:00,user282@mail.com,user_282,495.59,Cancelled,104
157,2025-02-04,North,Electronics,495.48,Kolkata,16,Free,2025-02-04 23:40:00,user157@mail.com,user_157,,Cancelled,103
69,2025-03-24,North,Clothing,736.75,Mumbai,60,Premium,2025-03-24 10:42:00,user69@mail.com,user_69,401.35,Cancelled,105
187,2025-02-22,West,Books,972.37,Jaipur,19,Premium,2025-02-22 15:22:00,user187@mail.com,user_187,241.6,Pending,105
177,2025-06-06,South,Clothing,919.18,Delhi,21,Free,2025-06-06 09:43:00,user177@mail.com,,25.33,Completed,103
180,2025-01-13,West,Electronics,292.86,Bengaluru,35,Free,2025-01-13 03:06:00,user180@mail.com,user_180,254.63,Completed,104
292,2025-05-25,East,Books,740.21,Delhi,23,Premium,2025-05-25 22:29:00,user292@mail.com,user_292,333.59,Completed,103
80,2025-06-20,South,Clothing,240.79,Mumbai,25,Premium,2025-06-20 10:36:00,user80@mail.com,user_80,316.99,Cancelled,104
262,2025-04-01,North,Books,700.6,Delhi,41,Basic,2025-04-01 19:09:00,user262@mail.com,user_262,126.44,Completed,103
147,2025-04-28,East,Clothing,598.36,Mumbai,23,Premium,2025-04-28 23:37:00,user147@mail.com,user_147,449.93,Pending,101
154,2025-05-23,South,Books,391.17,Kolkata,57,Basic,2025-05-23 21:09:00,user154@mail.com,user_154,69.64,Pending,104
128,2025-01-08,South,Clothing,520.21,Kolkata,25,Premium,2025-01-08 19:08:00,user128@mail.com,user_128,306.03,Cancelled,105
239,2025-06-25,East,Clothing,137.68,Delhi,22,Basic,2025-06-25 11:42:00,user239@mail.com,user_239,430.84,Completed,104
286,2025-04-21,South,Furniture,26.49,Delhi,40,Basic,2025-04-21 13:33:00,user286@mail.com,,329.25,Cancelled,105
193,2025-03-23,East,Grocery,972.18,Mumbai,18,Free,2025-03-23 00:16:00,user193@mail.com,user_193,341.83,Completed,105
230,2025-06-28,West,Books,390.04,Chennai,42,Basic,2025-06-28 09:21:00,user230@mail.com,,26.31,Completed,104
247,2025-06-21,West,Books,11.66,Jaipur,54,Premium,2025-06-21 03:04:00,user247@mail.com,user_247,444.1,Completed,104
121,2025-02-04,East,Books,808.53,Kolkata,52,Premium,2025-02-04 20:50:00,user121@mail.com,user_121,494.37,Pending,103
288,2025-03-18,South,Electronics,538.9,Delhi,48,Premium,2025-03-18 21:14:00,user288@mail.com,user_288,314.4,Cancelled,104
258,2025-06-15,South,Grocery,713,Jaipur,27,Free,2025-06-15 17:40:00,user258@mail.com,user_258,76.82,,101
95,2025-02-09,South,Electronics,570.38,Chennai,39,Free,2025-02-09 05:38:00,user95@mail.com,user_95,88.46,Pending,101
260,2025-02-07,North,Grocery,781.48,Jaipur,18,Free,2025-02-07 16:10:00,user260@mail.com,user_260,84.6,Completed,105
276,2025-02-26,West,Clothing,973.55,Bengaluru,25,Premium,2025-02-26 09:57:00,user276@mail.com,user_276,57.65,Cancelled,105
74,2025-04-19,North,Clothing,669.08,Bengaluru,32,Premium,2025-04-19 07:31:00,user74@mail.com,user_74,424.89,Cancelled,101
274,2025-02-14,North,Books,226,Chennai,60,Free,2025-02-14 16:03:00,user274@mail.com,user_274,342.29,Pending,103
16,2025-06-10,East,Books,40.01,Delhi,20,Basic,2025-06-10 07:38:00,user16@mail.com,user_16,393.48,Cancelled,104
234,2025-06-02,East,Books,694.41,Delhi,27,Free,2025-06-02 16:37:00,user234@mail.com,,493.25,Cancelled,105
296,2025-03-15,North,Clothing,237.69,Pune,56,Free,2025-03-15 11:01:00,user296@mail.com,user_296,80.71,Cancelled,101
217,2025-01-10,South,Furniture,199.76,Mumbai,52,Premium,2025-01-10 19:03:00,user217@mail.com,user_217,113.27,Pending,104
234,2025-03-23,West,Furniture,420.5,Jaipur,21,Free,2025-03-23 04:03:00,user234@mail.com,user_234,361.86,Cancelled,104
123,2025-01-01,North,Grocery,373.23,Pune,52,Premium,2025-01-01 17:36:00,user123@mail.com,user_123,480.76,Pending,105
85,2025-04-03,South,Clothing,710.18,Bengaluru,27,Free,2025-04-03 10:59:00,user85@mail.com,user_85,108.65,Pending,103
95,2025-06-30,South,Furniture,944.21,Jaipur,32,Premium,2025-06-30 23:45:00,user95@mail.com,user_95,423.53,,102
102,2025-05-13,North,Electronics,89.58,Mumbai,37,Free,2025-05-13 09:01:00,user102@mail.com,user_102,309.31,,101
284,2025-01-01,South,Electronics,450.72,Kolkata,18,Basic,2025-01-01 05:22:00,,user_284,45.73,Cancelled,103
218,2025-01-27,West,Grocery,419.48,Pune,29,Basic,2025-01-27 10:05:00,user218@mail.com,user_218,185.71,,102
157,2025-02-25,West,Books,908.24,Pune,41,Premium,2025-02-25 21:00:00,user157@mail.com,user_157,296.4,Pending,102
122,2025-05-22,North,Furniture,731.22,Pune,50,Basic,2025-05-22 20:07:00,user122@mail.com,user_122,67.3,Pending,103
213,2025-01-02,East,Furniture,148.23,Jaipur,22,Premium,2025-01-02 23:26:00,user213@mail.com,user_213,265.08,Cancelled,105
241,2025-02-11,West,Books,211.89,Jaipur,45,Basic,2025-02-11 22:34:00,user241@mail.com,user_241,134.36,Pending,101
124,2025-01-29,North,Grocery,635.91,Mumbai,47,Premium,2025-01-29 08:08:00,user124@mail.com,user_124,207.92,Cancelled,102
293,2025-05-03,North,Grocery,78.38,Delhi,28,Premium,2025-05-03 02:50:00,user293@mail.com,user_293,74.95,Completed,104
223,2025-06-08,East,Electronics,496.96,Delhi,47,Basic,2025-06-08 02:43:00,user223@mail.com,user_223,281.83,Completed,104
263,2025-05-18,South,Clothing,282.41,Jaipur,37,Premium,2025-05-18 16:07:00,user263@mail.com,user_263,369.73,Cancelled,101
107,2025-02-12,North,Furniture,216.83,Jaipur,57,Free,2025-02-12 01:32:00,user107@mail.com,user_107,72.68,Pending,101
266,2025-01-19,West,Books,718.45,Mumbai,55,Basic,2025-01-19 18:53:00,,user_266,213.64,Cancelled,104
171,2025-01-02,South,Furniture,284.27,Mumbai,16,Premium,2025-01-02 08:52:00,,user_171,442.07,Completed,105
223,2025-01-28,West,Furniture,923.71,Pune,41,Free,2025-01-28 20:17:00,user223@mail.com,user_223,282.64,Pending,105
78,2025-02-26,North,Books,953.17,Pune,17,Free,2025-02-26 01:56:00,user78@mail.com,,489.01,Pending,103
100,2025-05-09,East,Grocery,506.99,Bengaluru,54,Basic,2025-05-09 06:22:00,user100@mail.com,user_100,248.31,Cancelled,104
249,2025-04-29,East,Grocery,535.27,Chennai,25,Free,2025-04-29 20:17:00,user249@mail.com,user_249,141.3,Cancelled,105
264,2025-04-13,East,Books,315.38,Mumbai,21,Free,2025-04-13 04:45:00,user264@mail.com,user_264,433.35,Completed,105
247,2025-06-07,East,Grocery,768.99,Mumbai,50,Free,2025-06-07 19:40:00,user247@mail.com,user_247,37.93,Cancelled,105
257,2025-06-06,North,Electronics,161.06,Bengaluru,34,Premium,2025-06-06 02:40:00,user257@mail.com,user_257,263.93,Completed,101
14,2025-04-27,South,Books,283.79,Hyderabad,39,Premium,2025-04-27 09:50:00,user14@mail.com,user_14,428.02,Pending,104
208,2025-01-27,East,Furniture,133.86,Mumbai,19,Free,2025-01-27 12:46:00,user208@mail.com,user_208,167.2,Completed,105
91,2025-06-13,East,Furniture,275.34,Pune,55,Basic,2025-06-13 17:35:00,user91@mail.com,user_91,321.26,Completed,104
283,2025-04-21,North,Books,233.4,Delhi,19,Premium,2025-04-21 16:10:00,user283@mail.com,user_283,216.2,Pending,101
292,2025-01-01,West,Books,111.22,Hyderabad,27,Free,2025-01-01 16:05:00,user292@mail.com,user_292,450.46,Completed,103
76,2025-06-24,North,Grocery,42.94,Hyderabad,55,Basic,2025-06-24 12:25:00,user76@mail.com,user_76,410.58,,101
112,2025-03-27,East,Furniture,155.02,Bengaluru,56,Basic,2025-03-27 23:22:00,user112@mail.com,user_112,56.72,Pending,101
211,2025-04-19,North,Grocery,425.48,Pune,47,Basic,2025-04-19 23:03:00,user211@mail.com,user_211,242.35,Completed,102
178,2025-06-20,East,Furniture,529.09,Jaipur,60,Premium,2025-06-20 15:25:00,user178@mail.com,user_178,12.57,Pending,103
295,2025-06-03,East,Clothing,129.85,Mumbai,42,Premium,2025-06-03 20:20:00,user295@mail.com,user_295,372.4,Cancelled,102
24,2025-02-25,South,Books,911.12,Pune,44,Premium,2025-02-25 20:44:00,user24@mail.com,user_24,422.82,Cancelled,102
13,2025-05-10,South,Clothing,146.74,Jaipur,46,Free,2025-05-10 11:44:00,user13@mail.com,user_13,120.44,Cancelled,103
149,2025-01-25,East,Electronics,854.09,Pune,45,Free,2025-01-25 03:39:00,user149@mail.com,user_149,482.59,Cancelled,105
146,2025-05-20,West,Electronics,431.61,Kolkata,49,Free,2025-05-20 06:47:00,user146@mail.com,,210.96,Completed,104
142,2025-05-15,North,Books,94.15,Mumbai,41,Free,2025-05-15 04:51:00,user142@mail.com,user_142,108.67,,104
101,2025-06-22,North,Grocery,889.51,Hyderabad,29,Premium,2025-06-22 22:19:00,user101@mail.com,user_101,470.54,Pending,105
38,2025-02-24,West,Electronics,411.21,Jaipur,24,Basic,2025-02-24 18:15:00,user38@mail.com,user_38,173.62,Completed,101
46,2025-03-14,North,Books,596,Jaipur,50,Free,2025-03-14 17:44:00,user46@mail.com,user_46,101.16,Pending,101
127,2025-05-04,South,Electronics,655.15,Bengaluru,40,Basic,2025-05-04 05:48:00,user127@mail.com,user_127,331.4,Pending,102
103,2025-05-21,West,Grocery,327.76,Delhi,47,Free,2025-05-21 19:53:00,user103@mail.com,user_103,395.25,Cancelled,104
6,2025-04-21,West,Furniture,345.8,Pune,54,Free,2025-04-21 09:27:00,,user_6,221.55,Pending,101
191,2025-05-09,South,Books,864.06,Jaipur,37,Premium,2025-05-09 04:10:00,user191@mail.com,user_191,85.83,Cancelled,104
193,2025-03-05,South,Grocery,415.91,Mumbai,51,Basic,2025-03-05 17:36:00,user193@mail.com,user_193,473.23,Pending,101
182,2025-02-05,East,Clothing,497.16,Kolkata,60,Free,2025-02-05 06:36:00,user182@mail.com,user_182,465.24,Pending,103
265,2025-06-14,South,Books,693.61,Mumbai,50,Premium,2025-06-14 10:08:00,user265@mail.com,user_265,227.76,Completed,101
1,2025-01-28,North,Furniture,323.82,Kolkata,39,Premium,2025-01-28 18:41:00,user1@mail.com,user_1,14.45,Cancelled,104
266,2025-02-27,West,Clothing,717.83,Kolkata,44,Free,2025-02-27 06:02:00,user266@mail.com,user_266,386.33,Pending,105
175,2025-05-23,West,Furniture,162.87,Bengaluru,38,Premium,2025-05-23 10:56:00,user175@mail.com,user_175,361.92,Cancelled,104
277,2025-02-21,South,Books,193.35,Jaipur,26,Premium,2025-02-21 20:58:00,user277@mail.com,,438.92,Pending,104
210,2025-05-09,West,Books,809.57,Jaipur,19,Basic,2025-05-09 02:43:00,user210@mail.com,,498.54,,104
19,2025-05-11,North,Grocery,307.35,Bengaluru,16,Premium,2025-05-11 23:16:00,,user_19,191.38,Completed,102
137,2025-04-13,North,Electronics,294.1,Delhi,28,Basic,2025-04-13 14:21:00,,user_137,254.32,Completed,101
283,2025-06-02,East,Books,708.98,Delhi,30,Basic,2025-06-02 13:01:00,user283@mail.com,user_283,447.91,,103
37,2025-01-01,North,Grocery,948.5,Pune,47,Free,2025-01-01 01:04:00,user37@mail.com,user_37,34.89,Pending,104
121,2025-03-19,South,Furniture,108.12,Hyderabad,31,Premium,2025-03-19 20:48:00,user121@mail.com,user_121,171.18,Pending,102
238,2025-06-08,West,Electronics,81.78,Jaipur,44,Free,2025-06-08 14:15:00,user238@mail.com,user_238,466.41,Pending,105
294,2025-01-27,West,Clothing,800.02,Jaipur,55,Premium,2025-01-27 19:56:00,user294@mail.com,user_294,163.57,Pending,103
35,2025-05-06,West,Furniture,393.27,Chennai,41,Free,2025-05-06 03:35:00,user35@mail.com,user_35,444.38,Pending,101
239,2025-03-15,East,Electronics,625.8,Delhi,49,Basic,2025-03-15 15:30:00,user239@mail.com,user_239,,Completed,105
59,2025-05-01,North,Books,302.56,Pune,51,Premium,2025-05-01 09:55:00,user59@mail.com,user_59,254.18,Cancelled,101
36,2025-04-25,South,Grocery,304.63,Delhi,30,Basic,2025-04-25 08:39:00,user36@mail.com,user_36,310.64,Completed,103
141,2025-04-30,South,Furniture,62.3,Delhi,27,Premium,2025-04-30 06:13:00,user141@mail.com,user_141,87.89,Cancelled,103
26,2025-03-22,North,Clothing,66.88,Jaipur,38,Basic,2025-03-22 03:33:00,user26@mail.com,user_26,420.24,,105
287,2025-04-04,West,Electronics,959.97,Mumbai,37,Free,2025-04-04 10:26:00,user287@mail.com,user_287,161.83,Cancelled,105
201,2025-04-14,North,Books,797.51,Kolkata,25,Free,2025-04-14 06:17:00,user201@mail.com,user_201,293.31,Pending,103
192,2025-06-10,East,Furniture,273.03,Hyderabad,52,Free,2025-06-10 15:11:00,user192@mail.com,user_192,21.41,Completed,105
217,2025-02-21,West,Clothing,688.86,Jaipur,56,Premium,2025-02-21 02:23:00,user217@mail.com,user_217,194.57,Pending,101
123,2025-01-15,South,Clothing,846.34,Bengaluru,59,Free,2025-01-15 03:13:00,user123@mail.com,user_123,38.42,Cancelled,104
234,2025-02-04,East,Grocery,981.7,Jaipur,58,Premium,2025-02-04 05:53:00,user234@mail.com,user_234,67.01,Pending,104
240,2025-04-16,North,Books,39.41,Pune,40,Basic,2025-04-16 23:28:00,user240@mail.com,user_240,238.22,Cancelled,105
163,2025-06-04,East,Grocery,115.53,Mumbai,47,Basic,2025-06-04 03:53:00,user163@mail.com,user_163,201.02,Pending,104
64,2025-04-28,North,Furniture,15.75,Jaipur,18,Premium,2025-04-28 19:45:00,,user_64,287.85,Cancelled,104
265,2025-05-07,West,Clothing,60.43,Delhi,23,Free,2025-05-07 08:41:00,user265@mail.com,user_265,160.63,Completed,105
89,2025-06-20,West,Books,139.33,Pune,59,Free,2025-06-20 12:26:00,user89@mail.com,user_89,,Pending,104
181,2025-05-18,West,Grocery,327.38,Chennai,24,Basic,2025-05-18 05:02:00,user181@mail.com,user_181,462.61,Cancelled,105
154,2025-02-06,West,Books,434.66,Jaipur,58,Basic,2025-02-06 16:48:00,user154@mail.com,user_154,121.7,Completed,103
139,2025-03-13,South,Books,580.65,Kolkata,49,Free,2025-03-13 15:58:00,user139@mail.com,user_139,95.91,Cancelled,101
272,2025-01-12,West,Electronics,59.81,Jaipur,45,Basic,2025-01-12 04:24:00,user272@mail.com,user_272,497.72,Completed,105
65,2025-02-12,North,Electronics,389.25,Jaipur,44,Free,2025-02-12 00:39:00,,user_65,114.73,Cancelled,101
296,2025-02-07,West,Books,932.11,Mumbai,27,Basic,2025-02-07 21:22:00,user296@mail.com,user_296,117.07,Completed,101
257,2025-05-17,South,Clothing,101.12,Pune,41,Premium,2025-05-17 15:09:00,user257@mail.com,user_257,406,Cancelled,105
89,2025-05-01,North,Grocery,27.31,Pune,57,Free,2025-05-01 00:29:00,user89@mail.com,user_89,454.86,Completed,103
62,2025-04-07,North,Furniture,828.26,Bengaluru,56,Basic,2025-04-07 12:42:00,user62@mail.com,user_62,460.09,Pending,105
260,2025-05-21,South,Electronics,588.11,Jaipur,45,Premium,2025-05-21 22:07:00,user260@mail.com,user_260,65.41,Pending,105
44,2025-02-28,South,Clothing,22.98,Delhi,57,Free,2025-02-28 06:43:00,user44@mail.com,user_44,216.68,Pending,105
138,2025-03-30,North,Books,349.89,Chennai,30,Premium,2025-03-30 21:06:00,user138@mail.com,user_138,,Completed,101
62,2025-06-01,West,Books,408.26,Hyderabad,53,Premium,2025-06-01 02:44:00,user62@mail.com,user_62,449.53,Cancelled,104
203,2025-02-15,North,Books,70.94,Pune,33,Premium,2025-02-15 02:12:00,user203@mail.com,user_203,221.29,Completed,105
298,2025-05-08,South,Furniture,135.9,Jaipur,29,Premium,2025-05-08 18:19:00,user298@mail.com,user_298,367.7,Cancelled,101
97,2025-02-22,West,Electronics,477.81,Delhi,26,Free,2025-02-22 19:07:00,user97@mail.com,user_97,320.77,Cancelled,102
229,2025-06-06,North,Grocery,627.91,Pune,49,Basic,2025-06-06 09:48:00,user229@mail.com,user_229,452.04,Completed,102
1,2025-05-01,East,Furniture,816.49,Bengaluru,17,Premium,2025-05-01 04:23:00,user1@mail.com,user_1,53.12,Pending,105
18,2025-01-03,North,Electronics,637.6,Bengaluru,38,Free,2025-01-03 04:29:00,user18@mail.com,user_18,370.1,Cancelled,104
69,2025-02-02,East,Books,571.04,Jaipur,36,Premium,2025-02-02 00:08:00,user69@mail.com,user_69,385.41,Completed,104
186,2025-06-09,North,Electronics,404.68,Bengaluru,55,Basic,2025-06-09 09:03:00,user186@mail.com,user_186,350.64,Completed,101
173,2025-04-08,East,Electronics,558.18,Jaipur,53,Free,2025-04-08 00:26:00,,user_173,217.77,Completed,105
167,2025-05-28,South,Books,881.75,Kolkata,24,Premium,2025-05-28 14:37:00,user167@mail.com,user_167,488.5,Completed,104
183,2025-05-12,West,Clothing,120.59,Jaipur,18,Premium,2025-05-12 03:55:00,user183@mail.com,user_183,489.5,Cancelled,102
23,2025-01-20,East,Grocery,829.67,Kolkata,33,Free,2025-01-20 11:45:00,user23@mail.com,user_23,156.47,Pending,103
105,2025-04-01,South,Clothing,188.19,Delhi,39,Basic,2025-04-01 09:54:00,user105@mail.com,user_105,375.44,Pending,105
15,2025-05-04,West,Electronics,391.56,Jaipur,19,Free,2025-05-04 23:25:00,user15@mail.com,user_15,130.8,Completed,104
11,2025-05-28,South,Books,900.77,Delhi,37,Free,2025-05-28 19:31:00,,user_11,251.68,Pending,101
152,2025-06-17,West,Books,33.19,Delhi,21,Free,2025-06-17 12:39:00,user152@mail.com,user_152,442.44,Completed,104
91,2025-01-22,East,Grocery,255.3,Delhi,16,Free,2025-01-22 12:28:00,user91@mail.com,,96.42,Completed,105
252,2025-03-14,West,Furniture,345.5,Chennai,34,Free,2025-03-14 14:04:00,user252@mail.com,user_252,62.1,Completed,103
276,2025-03-25,West,Electronics,586.27,Jaipur,28,Basic,2025-03-25 10:00:00,user276@mail.com,user_276,164.55,Pending,105
235,2025-04-10,South,Books,527.49,Pune,46,Free,2025-04-10 01:40:00,user235@mail.com,user_235,71.85,Completed,101
271,2025-03-04,West,Clothing,949.93,Jaipur,31,Free,2025-03-04 23:28:00,user271@mail.com,user_271,144.47,,103
59,2025-03-16,North,Furniture,562.25,Bengaluru,31,Premium,2025-03-16 18:40:00,user59@mail.com,user_59,49.98,Completed,104
125,2025-05-25,East,Books,678.76,Pune,38,Free,2025-05-25 22:42:00,user125@mail.com,user_125,468.57,Pending,104
256,2025-03-17,South,Furniture,684.56,Pune,59,Basic,2025-03-17 05:18:00,user256@mail.com,user_256,7.81,Pending,103
221,2025-03-20,South,Clothing,344.09,Pune,56,Basic,2025-03-20 14:24:00,user221@mail.com,user_221,429.67,Completed,105
248,2025-06-28,East,Electronics,830.97,Jaipur,26,Free,2025-06-28 12:22:00,user248@mail.com,user_248,,Pending,103
7,2025-04-05,West,Electronics,579.61,Delhi,59,Basic,2025-04-05 00:51:00,user7@mail.com,user_7,130.73,Cancelled,103
34,2025-03-19,West,Furniture,268.22,Delhi,47,Basic,2025-03-19 01:47:00,user34@mail.com,user_34,412.46,,105
29,2025-01-12,North,Electronics,717.91,Hyderabad,47,Premium,2025-01-12 07:35:00,,user_29,391.02,Cancelled,105
2,2025-02-18,North,Clothing,680.65,Jaipur,32,Premium,2025-02-18 17:22:00,user2@mail.com,user_2,288.9,Completed,102
235,2025-04-24,East,Books,815.53,Jaipur,55,Basic,2025-04-24 08:44:00,user235@mail.com,user_235,471.35,Cancelled,104
261,2025-01-02,West,Grocery,925.35,Mumbai,43,Premium,2025-01-02 06:35:00,,user_261,18.31,Cancelled,103
189,2025-05-18,North,Clothing,209.13,Hyderabad,45,Premium,2025-05-18 23:45:00,user189@mail.com,user_189,325.65,,104
160,2025-01-05,East,Clothing,135.65,Hyderabad,35,Free,2025-01-05 22:54:00,user160@mail.com,,429.37,Pending,101
94,2025-01-06,North,Electronics,968.76,Delhi,25,Premium,2025-01-06 08:52:00,user94@mail.com,user_94,211.71,,101
95,2025-03-02,West,Furniture,787.55,Jaipur,34,Premium,2025-03-02 18:45:00,user95@mail.com,user_95,119.56,Completed,105
246,2025-06-09,South,Clothing,759,Chennai,55,Free,2025-06-09 15:51:00,user246@mail.com,user_246,278.76,Completed,105
92,2025-01-24,South,Grocery,716.37,Delhi,59,Premium,2025-01-24 03:35:00,user92@mail.com,user_92,111.24,Pending,102
261,2025-02-09,West,Books,473.43,Delhi,38,Free,2025-02-09 17:51:00,user261@mail.com,user_261,251.16,Cancelled,103
50,2025-02-01,West,Clothing,380.92,Jaipur,31,Basic,2025-02-01 05:22:00,user50@mail.com,user_50,289.59,Completed,103
194,2025-03-10,South,Clothing,167.26,Jaipur,57,Basic,2025-03-10 10:32:00,user194@mail.com,user_194,66.39,Completed,105
192,2025-06-11,North,Grocery,515.89,Chennai,31,Premium,2025-06-11 18:52:00,user192@mail.com,user_192,418.79,,103
108,2025-02-21,South,Electronics,667.48,Mumbai,21,Basic,2025-02-21 08:09:00,user108@mail.com,user_108,79.49,Cancelled,105
163,2025-04-06,East,Electronics,378.44,Delhi,38,Free,2025-04-06 15:26:00,user163@mail.com,user_163,398.12,Cancelled,105
80,2025-01-13,East,Grocery,488.89,Jaipur,32,Premium,2025-01-13 13:47:00,user80@mail.com,user_80,477,Completed,104
25,2025-06-01,South,Books,231.06,Delhi,27,Basic,2025-06-01 03:09:00,,user_25,126.09,Completed,101
149,2025-01-16,South,Grocery,353.7,Kolkata,37,Free,2025-01-16 22:10:00,user149@mail.com,user_149,449.29,Cancelled,104
147,2025-04-06,West,Grocery,604.26,Kolkata,32,Free,2025-04-06 21:50:00,user147@mail.com,user_147,205.45,Completed,102
215,2025-05-26,North,Grocery,877.59,Chennai,18,Basic,2025-05-26 04:06:00,user215@mail.com,user_215,474.93,Completed,104
51,2025-06-24,South,Clothing,911.36,Delhi,57,Free,2025-06-24 08:23:00,user51@mail.com,user_51,16.92,Completed,105
242,2025-02-13,East,Books,280.84,Jaipur,36,Basic,2025-02-13 13:47:00,user242@mail.com,user_242,334.94,Pending,101
102,2025-01-15,North,Electronics,499.97,Delhi,46,Premium,2025-01-15 05:36:00,user102@mail.com,user_102,138.5,,102
29,2025-01-01,West,Clothing,517.3,Hyderabad,44,Free,2025-01-01 06:45:00,user29@mail.com,,222.76,Cancelled,104
164,2025-06-30,West,Electronics,277.27,Bengaluru,46,Free,2025-06-30 03:58:00,user164@mail.com,user_164,111.42,Pending,104
155,2025-06-08,South,Grocery,829.56,Mumbai,27,Premium,2025-06-08 18:36:00,,user_155,302.5,Pending,101
219,2025-03-21,East,Grocery,225.99,Bengaluru,59,Basic,2025-03-21 12:48:00,user219@mail.com,user_219,392.89,Completed,102
34,2025-03-03,South,Electronics,323.95,Mumbai,49,Basic,2025-03-03 03:09:00,user34@mail.com,user_34,110.82,Cancelled,102
152,2025-06-03,East,Grocery,76.67,Chennai,34,Premium,2025-06-03 17:12:00,user152@mail.com,user_152,66.79,Cancelled,103
272,2025-06-27,North,Grocery,315.21,Jaipur,54,Basic,2025-06-27 13:40:00,user272@mail.com,user_272,390.75,Pending,105
240,2025-06-23,North,Grocery,618.28,Bengaluru,17,Premium,2025-06-23 06:18:00,user240@mail.com,user_240,75.89,,104
64,2025-03-11,West,Books,451.91,Delhi,21,Free,2025-03-11 15:44:00,user64@mail.com,user_64,300.16,Completed,101
73,2025-05-10,South,Grocery,473.63,Pune,50,Free,2025-05-10 09:20:00,user73@mail.com,user_73,149.08,Completed,104
219,2025-02-20,East,Clothing,638.62,Kolkata,47,Basic,2025-02-20 20:12:00,user219@mail.com,,207.4,Completed,104
88,2025-02-20,North,Electronics,461.6,Bengaluru,54,Basic,2025-02-20 22:51:00,user88@mail.com,user_88,154.77,Pending,104
73,2025-05-26,North,Furniture,169.14,Delhi,31,Premium,2025-05-26 15:22:00,user73@mail.com,user_73,344.79,Cancelled,105
193,2025-01-28,East,Electronics,976.67,Bengaluru,18,Premium,2025-01-28 11:59:00,user193@mail.com,user_193,438.53,Completed,104
6,2025-02-18,South,Clothing,753.98,Delhi,30,Basic,2025-02-18 06:16:00,user6@mail.com,user_6,,Pending,101
222,2025-03-26,North,Books,932.72,Bengaluru,48,Premium,2025-03-26 06:45:00,user222@mail.com,user_222,223.09,Cancelled,105
86,2025-01-29,North,Clothing,40.33,Pune,55,Premium,2025-01-29 00:40:00,user86@mail.com,user_86,240.48,Completed,104
283,2025-01-18,West,Electronics,89.45,Mumbai,36,Basic,2025-01-18 14:13:00,user283@mail.com,user_283,417.01,Pending,103
197,2025-02-02,West,Grocery,295.22,Pune,47,Free,2025-02-02 20:11:00,user197@mail.com,user_197,114.67,Completed,101
152,2025-04-16,South,Furniture,405.65,Mumbai,41,Premium,2025-04-16 05:04:00,user152@mail.com,user_152,248.09,Pending,102
64,2025-05-09,North,Furniture,60.5,Chennai,43,Premium,2025-05-09 06:24:00,user64@mail.com,user_64,396.85,Pending,101
238,2025-03-19,North,Furniture,648.91,Jaipur,35,Basic,2025-03-19 17:06:00,user238@mail.com,user_238,178.26,Pending,104
43,2025-05-19,South,Books,949.93,Pune,59,Premium,2025-05-19 05:00:00,user43@mail.com,user_43,,Completed,105
67,2025-02-25,South,Electronics,886.43,Kolkata,27,Basic,2025-02-25 07:26:00,user67@mail.com,user_67,16.15,Cancelled,101
75,2025-05-15,East,Furniture,175.23,Jaipur,23,Free,2025-05-15 10:36:00,user75@mail.com,user_75,362.96,Pending,104
35,2025-05-29,East,Clothing,85.42,Delhi,24,Premium,2025-05-29 15:12:00,user35@mail.com,user_35,475.02,Completed,103
281,2025-01-15,North,Electronics,340.01,Mumbai,50,Basic,2025-01-15 12:35:00,,user_281,230.47,,101
232,2025-06-01,North,Grocery,45.33,Chennai,33,Basic,2025-06-01 16:51:00,user232@mail.com,user_232,239.7,Completed,105
231,2025-04-23,East,Electronics,102.51,Jaipur,22,Free,2025-04-23 06:15:00,user231@mail.com,user_231,208.18,Completed,104
272,2025-04-19,East,Books,395.26,Pune,59,Premium,2025-04-19 13:09:00,user272@mail.com,user_272,10.39,Completed,101
137,2025-03-20,North,Books,715.68,Delhi,21,Basic,2025-03-20 19:24:00,user137@mail.com,user_137,303.14,Completed,102
32,2025-02-25,South,Furniture,35.27,Delhi,32,Premium,2025-02-25 12:07:00,user32@mail.com,user_32,106.92,Pending,102
86,2025-01-10,West,Grocery,817.06,Pune,60,Free,2025-01-10 04:59:00,user86@mail.com,user_86,265.55,Pending,105
175,2025-05-29,South,Furniture,844.59,Kolkata,53,Basic,2025-05-29 12:46:00,user175@mail.com,user_175,,Pending,103
255,2025-03-28,West,Clothing,712.18,Pune,46,Free,2025-03-28 15:09:00,user255@mail.com,user_255,424.86,Cancelled,101
141,2025-02-17,North,Clothing,621.28,Delhi,37,Basic,2025-02-17 01:41:00,user141@mail.com,user_141,85.74,Pending,101
147,2025-05-03,North,Books,258.54,Kolkata,47,Free,2025-05-03 09:45:00,user147@mail.com,user_147,246.3,Cancelled,101
110,2025-06-24,South,Grocery,548.02,Delhi,33,Premium,2025-06-24 16:52:00,user110@mail.com,user_110,117.53,Cancelled,101
121,2025-06-16,West,Furniture,351.35,Jaipur,21,Basic,2025-06-16 07:59:00,user121@mail.com,user_121,36.54,Cancelled,104
293,2025-01-28,North,Furniture,709.13,Chennai,56,Basic,2025-01-28 15:37:00,user293@mail.com,user_293,114.49,Completed,101
192,2025-01-16,East,Furniture,323.76,Jaipur,57,Premium,2025-01-16 08:29:00,user192@mail.com,user_192,,Completed,105
139,2025-03-06,South,Electronics,484.88,Jaipur,18,Basic,2025-03-06 19:45:00,user139@mail.com,user_139,348.14,,101
124,2025-03-14,East,Furniture,964.38,Delhi,60,Free,2025-03-14 22:53:00,user124@mail.com,user_124,98.82,Cancelled,104
36,2025-04-26,West,Furniture,855.11,Bengaluru,58,Basic,2025-04-26 06:21:00,user36@mail.com,user_36,254.41,Pending,103
170,2025-03-15,South,Grocery,922.86,Delhi,55,Free,2025-03-15 19:30:00,user170@mail.com,user_170,31.6,Completed,103
141,2025-02-28,West,Electronics,487.41,Pune,24,Premium,2025-02-28 05:32:00,user141@mail.com,user_141,,Pending,105
164,2025-01-17,South,Furniture,435.46,Bengaluru,52,Basic,2025-01-17 15:47:00,user164@mail.com,user_164,488.21,Pending,102
125,2025-06-24,South,Grocery,292.92,Chennai,51,Free,2025-06-24 10:55:00,user125@mail.com,user_125,,Pending,104
207,2025-01-19,South,Furniture,165.35,Delhi,38,Premium,2025-01-19 04:34:00,,user_207,,Cancelled,102
267,2025-04-14,South,Furniture,58.49,Chennai,30,Premium,2025-04-14 00:22:00,user267@mail.com,user_267,33.23,Pending,104
19,2025-04-09,East,Books,436.19,Delhi,21,Premium,2025-04-09 12:53:00,user19@mail.com,user_19,284.73,Pending,104
159,2025-06-29,East,Furniture,524.6,Bengaluru,16,Premium,2025-06-29 07:50:00,user159@mail.com,user_159,286.11,Cancelled,101
1,2025-02-09,East,Books,442.31,Mumbai,48,Free,2025-02-09 02:12:00,user1@mail.com,user_1,316.22,Completed,102
29,2025-06-16,East,Electronics,381.07,Chennai,41,Premium,2025-06-16 00:36:00,user29@mail.com,user_29,242.68,Cancelled,102
49,2025-06-29,West,Electronics,728.4,Jaipur,45,Premium,2025-06-29 08:25:00,,user_49,499.14,Completed,103
177,2025-06-01,West,Clothing,339.61,Delhi,41,Premium,2025-06-01 20:33:00,user177@mail.com,user_177,358.93,Cancelled,105
35,2025-01-27,North,Electronics,503.02,Jaipur,40,Free,2025-01-27 20:21:00,user35@mail.com,user_35,343.67,Completed,101
83,2025-06-22,South,Clothing,991.32,Mumbai,25,Basic,2025-06-22 20:14:00,user83@mail.com,user_83,319.89,Pending,104
299,2025-06-22,South,Clothing,956.44,Jaipur,35,Premium,2025-06-22 10:51:00,user299@mail.com,user_299,203.81,,103
2,2025-01-06,North,Furniture,305.57,Kolkata,19,Basic,2025-01-06 00:16:00,user2@mail.com,,254.03,,105
245,2025-05-23,North,Clothing,525.95,Chennai,37,Free,2025-05-23 14:11:00,user245@mail.com,user_245,154.04,Cancelled,103
273,2025-06-18,South,Grocery,339.96,Kolkata,30,Free,2025-06-18 20:46:00,user273@mail.com,user_273,427.12,Pending,102
88,2025-05-03,West,Grocery,435.26,Mumbai,36,Free,2025-05-03 04:35:00,user88@mail.com,user_88,263.7,Completed,103
196,2025-03-28,West,Electronics,896.63,Bengaluru,45,Basic,2025-03-28 03:25:00,user196@mail.com,user_196,383.54,Completed,103
35,2025-06-06,South,Electronics,232.51,Jaipur,22,Premium,2025-06-06 10:06:00,user35@mail.com,user_35,,Pending,105
216,2025-05-29,West,Electronics,949.62,Delhi,44,Basic,2025-05-29 21:19:00,user216@mail.com,user_216,49.39,Completed,103
263,2025-02-22,North,Clothing,743.43,Kolkata,58,Basic,2025-02-22 19:12:00,user263@mail.com,user_263,88.37,Completed,104
231,2025-06-28,East,Books,662.23,Delhi,28,Basic,2025-06-28 19:05:00,user231@mail.com,user_231,175.85,Completed,101
46,2025-04-21,East,Electronics,942.49,Delhi,50,Premium,2025-04-21 04:48:00,user46@mail.com,user_46,495.81,Pending,105
79,2025-01-24,West,Electronics,89.97,Delhi,19,Basic,2025-01-24 09:48:00,user79@mail.com,,16.89,Pending,105
141,2025-02-24,South,Furniture,202.33,Chennai,59,Basic,2025-02-24 05:19:00,user141@mail.com,user_141,229.89,,101
28,2025-02-10,North,Clothing,848.71,Bengaluru,44,Basic,2025-02-10 04:12:00,,user_28,393.02,Completed,105
56,2025-04-20,South,Books,316.78,Pune,29,Free,2025-04-20 17:59:00,user56@mail.com,user_56,431.48,Completed,102
295,2025-01-19,South,Books,797.92,Jaipur,44,Premium,2025-01-19 06:10:00,user295@mail.com,user_295,313.29,Pending,104
101,2025-04-28,West,Clothing,566.8,Jaipur,35,Premium,2025-04-28 07:32:00,user101@mail.com,user_101,241.14,,102
159,2025-05-16,North,Clothing,928.74,Mumbai,31,Premium,2025-05-16 13:49:00,user159@mail.com,,166.56,Pending,104
234,2025-05-30,North,Books,274.28,Mumbai,35,Premium,2025-05-30 04:09:00,user234@mail.com,user_234,249.18,Cancelled,102
273,2025-05-03,West,Electronics,634.73,Kolkata,23,Premium,2025-05-03 12:41:00,user273@mail.com,user_273,76.47,Pending,102
7,2025-03-26,East,Furniture,192.16,Chennai,36,Basic,2025-03-26 07:03:00,user7@mail.com,user_7,,Pending,102
10,2025-03-09,East,Electronics,522.99,Chennai,55,Basic,2025-03-09 12:09:00,user10@mail.com,user_10,324.79,Pending,104
155,2025-03-23,North,Electronics,56.7,Hyderabad,28,Basic,2025-03-23 21:51:00,user155@mail.com,user_155,297.23,Completed,103
126,2025-06-18,East,Clothing,556.86,Bengaluru,36,Free,2025-06-18 00:34:00,user126@mail.com,user_126,315.36,Cancelled,102
221,2025-03-11,South,Books,733.45,Mumbai,32,Free,2025-03-11 11:31:00,user221@mail.com,user_221,243.54,Cancelled,101
79,2025-03-10,East,Grocery,834.24,Jaipur,18,Free,2025-03-10 14:33:00,user79@mail.com,user_79,297.36,Cancelled,103
225,2025-01-23,West,Furniture,509.3,Jaipur,59,Basic,2025-01-23 06:34:00,user225@mail.com,user_225,196.93,Pending,103
18,2025-02-09,East,Clothing,469.58,Bengaluru,24,Free,2025-02-09 01:39:00,,,200.45,Pending,105
89,2025-01-18,North,Furniture,780.23,Jaipur,17,Free,2025-01-18 13:58:00,user89@mail.com,user_89,473.99,,105
6,2025-03-07,South,Books,318.18,Kolkata,38,Basic,2025-03-07 21:32:00,user6@mail.com,user_6,468.27,,101
22,2025-02-06,North,Clothing,612.11,Delhi,37,Basic,2025-02-06 22:11:00,user22@mail.com,user_22,466.28,Completed,101
289,2025-06-29,East,Grocery,224.32,Delhi,49,Free,2025-06-29 07:00:00,user289@mail.com,user_289,465.14,Cancelled,104
244,2025-02-07,East,Electronics,700.28,Hyderabad,28,Premium,2025-02-07 00:19:00,user244@mail.com,user_244,336.05,Completed,103
20,2025-03-05,North,Electronics,82.61,Delhi,43,Free,2025-03-05 05:03:00,user20@mail.com,user_20,407.84,Cancelled,104
13,2025-03-05,East,Clothing,621.64,Pune,55,Basic,2025-03-05 21:20:00,user13@mail.com,user_13,192.5,Cancelled,105
40,2025-03-01,West,Books,659.6,Mumbai,55,Premium,2025-03-01 08:27:00,user40@mail.com,user_40,169.95,Pending,104
111,2025-03-23,East,Electronics,504.7,Delhi,40,Basic,2025-03-23 18:13:00,user111@mail.com,user_111,291.89,Completed,101
174,2025-04-07,North,Grocery,720.86,Jaipur,60,Basic,2025-04-07 13:44:00,,user_174,160.59,Completed,103
144,2025-05-14,East,Grocery,885.34,Bengaluru,24,Free,2025-05-14 23:21:00,user144@mail.com,user_144,314.29,Cancelled,105
203,2025-01-13,North,Clothing,137.14,Delhi,59,Premium,2025-01-13 00:10:00,user203@mail.com,user_203,41.57,,105
289,2025-03-07,West,Electronics,748.6,Mumbai,37,Basic,2025-03-07 14:49:00,user289@mail.com,user_289,67.22,,103
223,2025-06-26,East,Grocery,294.37,Jaipur,19,Premium,2025-06-26 13:50:00,user223@mail.com,user_223,127.43,,105
120,2025-01-13,South,Electronics,634.83,Chennai,32,Basic,2025-01-13 23:21:00,,user_120,392.82,Cancelled,102
244,2025-04-23,North,Grocery,255.15,Mumbai,60,Premium,2025-04-23 17:15:00,user244@mail.com,user_244,327.31,Cancelled,104
113,2025-06-10,North,Grocery,134.37,Jaipur,33,Basic,2025-06-10 00:09:00,user113@mail.com,user_113,101.39,Cancelled,101
276,2025-01-31,West,Grocery,777.94,Mumbai,22,Free,2025-01-31 17:53:00,user276@mail.com,user_276,361.2,Completed,104
155,2025-06-30,North,Furniture,663.24,Chennai,46,Premium,2025-06-30 15:35:00,user155@mail.com,user_155,239.12,Pending,104
122,2025-03-30,West,Furniture,544.88,Bengaluru,45,Premium,2025-03-30 04:06:00,user122@mail.com,user_122,197.99,Completed,103
149,2025-05-19,South,Furniture,989.65,Mumbai,51,Free,2025-05-19 12:01:00,user149@mail.com,,472.52,Cancelled,102
146,2025-02-23,North,Electronics,376.99,Chennai,32,Premium,2025-02-23 08:23:00,user146@mail.com,user_146,427.02,Pending,101
178,2025-06-09,North,Electronics,783.06,Jaipur,39,Premium,2025-06-09 14:36:00,user178@mail.com,user_178,307.43,Completed,105
277,2025-04-16,East,Grocery,130.89,Chennai,33,Premium,2025-04-16 14:28:00,user277@mail.com,user_277,,,105
91,2025-02-21,North,Books,487.44,Pune,54,Basic,2025-02-21 23:52:00,user91@mail.com,user_91,69.66,Pending,102
58,2025-05-30,West,Clothing,780.87,Kolkata,33,Basic,2025-05-30 23:52:00,user58@mail.com,user_58,302.6,,102
127,2025-06-26,West,Clothing,306.46,Delhi,21,Free,2025-06-26 07:25:00,user127@mail.com,user_127,373.45,Completed,104
115,2025-04-06,West,Clothing,251.81,Delhi,48,Premium,2025-04-06 15:04:00,user115@mail.com,user_115,411.88,Pending,104
120,2025-01-04,West,Grocery,641.35,Mumbai,60,Free,2025-01-04 23:36:00,user120@mail.com,user_120,498.73,,104
74,2025-04-22,West,Electronics,476.45,Mumbai,22,Premium,2025-04-22 19:21:00,user74@mail.com,user_74,321.82,Completed,103
40,2025-05-23,West,Furniture,673.18,Jaipur,31,Premium,2025-05-23 18:42:00,user40@mail.com,user_40,483.76,Pending,105
79,2025-05-15,East,Clothing,393.19,Jaipur,55,Basic,2025-05-15 12:35:00,user79@mail.com,user_79,114.66,,103
257,2025-01-07,South,Furniture,575.93,Mumbai,37,Basic,2025-01-07 23:54:00,user257@mail.com,user_257,393.85,Completed,104
54,2025-06-18,North,Clothing,19.6,Bengaluru,31,Premium,2025-06-18 21:36:00,user54@mail.com,user_54,422.84,Cancelled,103
290,2025-05-04,North,Electronics,284.79,Bengaluru,24,Free,2025-05-04 22:45:00,user290@mail.com,user_290,12.46,Pending,103
251,2025-02-25,South,Electronics,274,Chennai,36,Premium,2025-02-25 15:02:00,user251@mail.com,user_251,256.73,Pending,101
152,2025-05-02,South,Grocery,847.74,Delhi,46,Premium,2025-05-02 00:58:00,user152@mail.com,user_152,408.75,Completed,102
186,2025-05-07,East,Books,758.04,Mumbai,56,Basic,2025-05-07 10:12:00,user186@mail.com,user_186,201.41,Pending,104
279,2025-05-23,North,Grocery,81.07,Delhi,25,Free,2025-05-23 14:21:00,,user_279,60.65,Cancelled,104
131,2025-01-09,East,Clothing,58.2,Mumbai,24,Premium,2025-01-09 13:50:00,user131@mail.com,,309.69,Pending,102
182,2025-06-04,East,Furniture,264,Mumbai,48,Free,2025-06-04 11:11:00,user182@mail.com,user_182,382.35,Cancelled,104
103,2025-05-05,South,Clothing,988.46,Delhi,25,Free,2025-05-05 05:46:00,user103@mail.com,user_103,317.18,Pending,102
56,2025-02-09,North,Clothing,587.83,Delhi,43,Basic,2025-02-09 04:34:00,user56@mail.com,user_56,340.79,,102
2,2025-04-17,South,Electronics,49.63,Jaipur,29,Basic,2025-04-17 17:43:00,user2@mail.com,user_2,,Completed,104
7,2025-06-10,North,Electronics,980.37,Chennai,50,Basic,2025-06-10 23:12:00,,user_7,413.49,Pending,104
66,2025-02-24,West,Furniture,600.36,Kolkata,53,Premium,2025-02-24 14:46:00,user66@mail.com,user_66,334.21,Cancelled,101
131,2025-02-18,South,Books,570.91,Bengaluru,22,Premium,2025-02-18 01:39:00,,user_131,,,102
106,2025-03-03,East,Electronics,804.9,Jaipur,48,Premium,2025-03-03 04:36:00,user106@mail.com,user_106,388.1,Pending,102
95,2025-05-24,East,Clothing,546.73,Chennai,30,Premium,2025-05-24 21:05:00,user95@mail.com,user_95,61.89,Pending,105
284,2025-02-14,East,Books,660.98,Bengaluru,55,Basic,2025-02-14 20:04:00,,,436.28,Completed,103
149,2025-03-17,North,Grocery,925.35,Delhi,28,Basic,2025-03-17 08:34:00,user149@mail.com,user_149,70.26,Pending,101
222,2025-06-07,North,Books,904.61,Jaipur,21,Free,2025-06-07 18:42:00,user222@mail.com,user_222,306.63,Completed,102
73,2025-05-16,South,Electronics,103.47,Pune,37,Premium,2025-05-16 20:31:00,user73@mail.com,user_73,424.08,,104
136,2025-03-15,East,Clothing,131.83,Mumbai,44,Premium,2025-03-15 09:57:00,user136@mail.com,user_136,156.84,Completed,102
166,2025-01-25,West,Grocery,43.05,Jaipur,46,Premium,2025-01-25 19:44:00,user166@mail.com,user_166,386,Pending,101
51,2025-01-29,East,Grocery,215.23,Jaipur,45,Free,2025-01-29 10:26:00,user51@mail.com,user_51,182.1,Cancelled,101
76,2025-06-28,East,Furniture,724.77,Jaipur,24,Basic,2025-06-28 23:51:00,user76@mail.com,user_76,197.03,,105
94,2025-04-01,South,Books,337.35,Delhi,40,Free,2025-04-01 23:28:00,user94@mail.com,user_94,392.63,,103
35,2025-06-20,East,Electronics,253,Chennai,58,Premium,2025-06-20 07:15:00,user35@mail.com,user_35,66.58,Pending,103
137,2025-02-07,South,Grocery,773.05,Bengaluru,52,Premium,2025-02-07 15:44:00,user137@mail.com,user_137,203.9,Cancelled,104
168,2025-02-21,East,Electronics,288.23,Chennai,32,Premium,2025-02-21 00:09:00,user168@mail.com,user_168,382.59,Cancelled,103
72,2025-01-28,South,Grocery,658.9,Jaipur,45,Premium,2025-01-28 19:24:00,user72@mail.com,user_72,139.77,Pending,104
30,2025-03-30,East,Electronics,314.35,Bengaluru,33,Basic,2025-03-30 23:46:00,user30@mail.com,user_30,125.05,Pending,101
55,2025-04-16,West,Electronics,317.67,Mumbai,32,Basic,2025-04-16 09:14:00,user55@mail.com,user_55,,Completed,105
83,2025-02-27,East,Clothing,174.7,Pune,42,Premium,2025-02-27 19:03:00,user83@mail.com,user_83,240.13,,103
255,2025-02-16,North,Electronics,114.18,Delhi,24,Basic,2025-02-16 15:53:00,user255@mail.com,user_255,192.1,Cancelled,103
184,2025-02-12,South,Clothing,228.36,Bengaluru,34,Free,2025-02-12 17:37:00,user184@mail.com,user_184,316.71,,102
182,2025-03-05,East,Books,498.47,Delhi,41,Basic,2025-03-05 19:30:00,user182@mail.com,user_182,299.92,Pending,101
6,2025-03-13,North,Furniture,922.06,Pune,46,Premium,2025-03-13 23:45:00,user6@mail.com,user_6,,Pending,101
209,2025-03-25,South,Grocery,386.31,Mumbai,59,Basic,2025-03-25 18:58:00,user209@mail.com,user_209,499.96,Pending,104
155,2025-06-16,West,Books,974.69,Bengaluru,43,Free,2025-06-16 04:37:00,user155@mail.com,user_155,273.8,Pending,105
189,2025-01-07,South,Grocery,368.86,Kolkata,45,Premium,2025-01-07 02:47:00,user189@mail.com,user_189,,Cancelled,105
285,2025-03-27,North,Books,657.94,Kolkata,37,Premium,2025-03-27 23:25:00,user285@mail.com,user_285,77.58,Pending,104
55,2025-06-28,East,Furniture,74.48,Mumbai,27,Free,2025-06-28 16:40:00,user55@mail.com,user_55,307.26,Cancelled,105
53,2025-05-04,North,Books,472.63,Jaipur,21,Premium,2025-05-04 12:56:00,user53@mail.com,user_53,72.31,Cancelled,104
93,2025-06-20,East,Furniture,43.97,Jaipur,18,Free,2025-06-20 00:48:00,user93@mail.com,user_93,73.42,Cancelled,102
43,2025-05-05,East,Books,917.33,Jaipur,20,Premium,2025-05-05 10:28:00,user43@mail.com,user_43,155.95,Pending,103
227,2025-02-02,North,Electronics,351.57,Bengaluru,52,Basic,2025-02-02 04:23:00,user227@mail.com,user_227,224.2,Completed,105
97,2025-06-18,East,Grocery,488.85,Jaipur,49,Free,2025-06-18 10:44:00,user97@mail.com,user_97,499.3,Cancelled,105
238,2025-05-13,West,Grocery,402.65,Pune,56,Basic,2025-05-13 01:07:00,user238@mail.com,user_238,323.76,Cancelled,102
269,2025-02-27,North,Clothing,770.97,Bengaluru,22,Basic,2025-02-27 11:46:00,user269@mail.com,user_269,49.27,Cancelled,102
121,2025-06-12,West,Grocery,874.29,Kolkata,35,Free,2025-06-12 15:01:00,user121@mail.com,user_121,113.42,Pending,104
74,2025-02-01,North,Clothing,923.42,Bengaluru,45,Premium,2025-02-01 20:28:00,user74@mail.com,user_74,,Cancelled,105
228,2025-05-23,East,Grocery,232.66,Jaipur,24,Basic,2025-05-23 08:20:00,user228@mail.com,user_228,425,Completed,102
37,2025-06-08,South,Books,656.27,Mumbai,35,Basic,2025-06-08 08:06:00,user37@mail.com,user_37,137.71,Cancelled,103
252,2025-06-13,South,Clothing,542.27,Hyderabad,36,Free,2025-06-13 06:53:00,user252@mail.com,user_252,62.48,Pending,104
255,2025-05-08,East,Electronics,80.7,Chennai,56,Premium,2025-05-08 10:15:00,user255@mail.com,,390.32,Completed,103
268,2025-03-27,West,Electronics,269.62,Mumbai,40,Free,2025-03-27 00:54:00,user268@mail.com,user_268,273.27,Pending,105
173,2025-04-02,East,Clothing,635.36,Bengaluru,28,Basic,2025-04-02 16:20:00,user173@mail.com,user_173,291.63,Cancelled,104
135,2025-06-30,East,Electronics,693.7,Jaipur,54,Basic,2025-06-30 17:10:00,user135@mail.com,user_135,491.15,Pending,102
29,2025-03-11,East,Electronics,507.57,Chennai,38,Basic,2025-03-11 02:54:00,user29@mail.com,user_29,480.58,Pending,102
216,2025-05-04,North,Electronics,41.17,Pune,38,Basic,2025-05-04 06:30:00,user216@mail.com,user_216,,Cancelled,103
100,2025-03-19,West,Clothing,183.09,Delhi,47,Premium,2025-03-19 18:30:00,user100@mail.com,user_100,363.12,Completed,102
3,2025-05-28,North,Clothing,237.16,Jaipur,39,Free,2025-05-28 14:31:00,user3@mail.com,user_3,400.54,Pending,104
63,2025-04-19,South,Grocery,556.35,Delhi,50,Basic,2025-04-19 02:12:00,user63@mail.com,user_63,386.33,Pending,102
239,2025-03-25,East,Furniture,192.52,Hyderabad,55,Free,2025-03-25 02:05:00,user239@mail.com,user_239,375.36,,103
187,2025-05-31,West,Grocery,421.53,Delhi,18,Basic,2025-05-31 07:31:00,user187@mail.com,user_187,206.93,Completed,105
22,2025-02-26,East,Electronics,31.04,Kolkata,32,Basic,2025-02-26 04:47:00,user22@mail.com,user_22,230.34,Completed,101
176,2025-05-28,South,Furniture,155.35,Bengaluru,19,Basic,2025-05-28 13:12:00,user176@mail.com,user_176,160.24,Completed,103
284,2025-02-21,East,Furniture,225.45,Jaipur,37,Premium,2025-02-21 17:51:00,user284@mail.com,user_284,259.44,Completed,103
50,2025-05-12,North,Clothing,815.14,Jaipur,29,Free,2025-05-12 00:14:00,user50@mail.com,user_50,11.09,Cancelled,105
106,2025-03-21,West,Books,554.22,Bengaluru,17,Premium,2025-03-21 14:36:00,user106@mail.com,user_106,159.25,,105
146,2025-01-27,North,Electronics,249.76,Delhi,43,Free,2025-01-27 01:38:00,user146@mail.com,user_146,128.53,Completed,103
59,2025-03-01,East,Clothing,454.33,Mumbai,33,Free,2025-03-01 02:59:00,user59@mail.com,user_59,171.06,Pending,101
120,2025-03-04,North,Books,935.02,Delhi,18,Basic,2025-03-04 12:43:00,,user_120,34.37,Pending,104
244,2025-03-30,East,Books,980.79,Jaipur,21,Premium,2025-03-30 16:00:00,user244@mail.com,user_244,362.82,Completed,105
193,2025-05-26,East,Furniture,403.73,Pune,47,Basic,2025-05-26 16:36:00,user193@mail.com,user_193,484.82,Completed,105
125,2025-02-21,East,Electronics,81.48,Mumbai,23,Premium,2025-02-21 02:28:00,,user_125,12.39,Completed,105
110,2025-03-28,West,Electronics,69.66,Mumbai,50,Basic,2025-03-28 21:32:00,user110@mail.com,user_110,36.6,,104
17,2025-06-14,South,Electronics,721.05,Delhi,50,Free,2025-06-14 06:21:00,user17@mail.com,user_17,394.03,,101
3,2025-06-07,West,Furniture,973.35,Pune,33,Premium,2025-06-07 08:00:00,user3@mail.com,user_3,277.04,Completed,104
283,2025-04-06,East,Electronics,324.4,Jaipur,39,Basic,2025-04-06 22:19:00,user283@mail.com,user_283,105.08,Cancelled,101
180,2025-02-07,East,Grocery,934.76,Pune,34,Premium,2025-02-07 02:58:00,user180@mail.com,user_180,370.63,Pending,101
40,2025-03-31,East,Grocery,503.51,Kolkata,25,Free,2025-03-31 00:39:00,user40@mail.com,user_40,125.81,Pending,104
148,2025-03-08,South,Clothing,86.58,Chennai,22,Premium,2025-03-08 07:57:00,user148@mail.com,user_148,124.68,Pending,102
75,2025-04-23,East,Books,79.43,Chennai,46,Premium,2025-04-23 20:11:00,user75@mail.com,user_75,51.84,Pending,103
268,2025-04-25,West,Books,368.63,Chennai,45,Basic,2025-04-25 17:20:00,user268@mail.com,user_268,471.68,,103
131,2025-01-03,West,Furniture,441.27,Jaipur,58,Premium,2025-01-03 16:48:00,user131@mail.com,user_131,168.18,,103
291,2025-01-16,West,Clothing,945.89,Jaipur,19,Free,2025-01-16 17:34:00,user291@mail.com,user_291,428.44,Cancelled,105
191,2025-04-01,West,Electronics,376.6,Chennai,52,Premium,2025-04-01 14:33:00,user191@mail.com,user_191,126.66,Cancelled,101
89,2025-04-20,North,Electronics,440.93,Jaipur,22,Free,2025-04-20 04:06:00,,user_89,28.11,Pending,103
222,2025-06-03,West,Furniture,826.12,Delhi,29,Free,2025-06-03 16:19:00,,,116.37,Cancelled,101
267,2025-05-23,North,Grocery,397.06,Delhi,17,Free,2025-05-23 13:56:00,user267@mail.com,user_267,497.23,Pending,101
52,2025-05-24,South,Grocery,87.83,Hyderabad,26,Free,2025-05-24 06:16:00,user52@mail.com,user_52,95.44,Cancelled,105
180,2025-02-01,East,Electronics,237.49,Chennai,38,Free,2025-02-01 08:49:00,user180@mail.com,user_180,287.87,Cancelled,103
9,2025-04-07,East,Furniture,222.8,Mumbai,24,Free,2025-04-07 22:20:00,user9@mail.com,user_9,447.5,Pending,104
1,2025-04-18,West,Grocery,908.13,Bengaluru,19,Premium,2025-04-18 06:18:00,user1@mail.com,user_1,226.46,Cancelled,104
91,2025-02-21,East,Furniture,182.39,Jaipur,16,Free,2025-02-21 03:30:00,user91@mail.com,user_91,85.07,Pending,104
198,2025-01-24,South,Electronics,258.85,Mumbai,19,Basic,2025-01-24 01:03:00,user198@mail.com,user_198,313.31,Cancelled,101
152,2025-02-21,West,Grocery,131.06,Pune,29,Basic,2025-02-21 16:17:00,user152@mail.com,user_152,100.96,Pending,102
122,2025-06-22,South,Books,525.87,Pune,49,Premium,2025-06-22 19:50:00,user122@mail.com,user_122,48.85,Completed,102
268,2025-02-21,West,Books,854.78,Chennai,35,Free,2025-02-21 12:11:00,user268@mail.com,user_268,231.73,Completed,102
52,2025-01-05,West,Books,259.67,Hyderabad,26,Free,2025-01-05 20:20:00,user52@mail.com,user_52,335.86,Cancelled,101
139,2025-05-04,West,Furniture,142.32,Pune,60,Basic,2025-05-04 16:12:00,user139@mail.com,user_139,293.85,Cancelled,103
210,2025-06-04,North,Books,327.37,Chennai,25,Basic,2025-06-04 00:20:00,user210@mail.com,,178.32,Completed,103
258,2025-01-13,South,Furniture,195.54,Bengaluru,37,Premium,2025-01-13 21:30:00,user258@mail.com,user_258,57.27,Completed,104
75,2025-03-30,North,Electronics,598.59,Pune,35,Free,2025-03-30 07:34:00,user75@mail.com,user_75,484.92,,102
75,2025-03-05,South,Books,949.54,Jaipur,35,Basic,2025-03-05 22:00:00,user75@mail.com,user_75,345.65,Pending,102
28,2025-06-19,West,Books,769.29,Bengaluru,49,Free,2025-06-19 03:49:00,user28@mail.com,,152.41,Pending,105
137,2025-03-19,North,Electronics,356.26,Pune,42,Basic,2025-03-19 19:13:00,user137@mail.com,user_137,223.16,Cancelled,101
76,2025-06-09,North,Books,936.14,Jaipur,41,Free,2025-06-09 09:39:00,user76@mail.com,user_76,159.97,Completed,102
153,2025-02-10,East,Grocery,176.31,Mumbai,51,Premium,2025-02-10 14:08:00,user153@mail.com,user_153,152.19,Cancelled,102
156,2025-02-01,North,Furniture,146.34,Kolkata,20,Free,2025-02-01 12:58:00,user156@mail.com,user_156,37.1,Pending,102
183,2025-04-25,East,Grocery,763.81,Kolkata,39,Premium,2025-04-25 23:45:00,user183@mail.com,user_183,430.87,Pending,102
82,2025-06-08,West,Furniture,425.47,Jaipur,49,Free,2025-06-08 23:17:00,user82@mail.com,user_82,418.45,Pending,105
44,2025-01-23,West,Grocery,156.57,Chennai,20,Free,2025-01-23 10:01:00,user44@mail.com,user_44,310.3,Completed,104
242,2025-05-30,West,Furniture,993.38,Pune,57,Premium,2025-05-30 08:29:00,user242@mail.com,user_242,31.15,Completed,101
286,2025-01-26,South,Grocery,395.22,Delhi,21,Free,2025-01-26 15:08:00,user286@mail.com,user_286,444.37,Cancelled,103
216,2025-03-14,East,Books,570.53,Kolkata,49,Free,2025-03-14 07:11:00,user216@mail.com,user_216,412.08,Completed,105
284,2025-02-25,North,Furniture,620.85,Pune,54,Premium,2025-02-25 20:21:00,user284@mail.com,user_284,165.06,Cancelled,101
35,2025-05-20,West,Electronics,844.11,Pune,28,Premium,2025-05-20 18:04:00,user35@mail.com,user_35,149.42,Pending,103
189,2025-06-12,South,Clothing,928.8,Mumbai,34,Premium,2025-06-12 11:12:00,user189@mail.com,,322.05,,101
235,2025-01-31,North,Furniture,566.84,Jaipur,21,Basic,2025-01-31 00:23:00,user235@mail.com,user_235,22.82,Pending,103
57,2025-03-03,East,Grocery,372.11,Kolkata,31,Basic,2025-03-03 09:10:00,user57@mail.com,user_57,193.18,Completed,101
284,2025-04-29,East,Clothing,705.67,Chennai,23,Free,2025-04-29 08:03:00,user284@mail.com,user_284,325.76,Pending,103
224,2025-05-31,West,Electronics,336.73,Bengaluru,44,Premium,2025-05-31 17:46:00,user224@mail.com,user_224,162.87,,102
73,2025-04-02,East,Grocery,239,Kolkata,18,Premium,2025-04-02 22:05:00,user73@mail.com,user_73,95.02,Completed,104
52,2025-05-23,North,Grocery,696.26,Bengaluru,49,Basic,2025-05-23 13:31:00,user52@mail.com,user_52,422.8,Completed,104
92,2025-01-03,North,Grocery,232.35,Bengaluru,27,Premium,2025-01-03 17:06:00,user92@mail.com,user_92,221.56,Pending,104
275,2025-01-03,West,Clothing,629.46,Chennai,41,Premium,2025-01-03 00:25:00,user275@mail.com,,,Pending,102
280,2025-03-20,North,Electronics,861,Mumbai,35,Free,2025-03-20 02:00:00,user280@mail.com,user_280,64.54,Cancelled,105
187,2025-01-05,North,Grocery,600.4,Kolkata,35,Premium,2025-01-05 11:45:00,user187@mail.com,user_187,94.54,Cancelled,105
28,2025-04-29,South,Books,576.87,Delhi,24,Basic,2025-04-29 07:56:00,user28@mail.com,user_28,12.49,Cancelled,103
143,2025-03-17,South,Grocery,708.54,Kolkata,37,Premium,2025-03-17 14:14:00,user143@mail.com,user_143,15.7,Completed,101
84,2025-06-20,North,Grocery,69.37,Delhi,35,Free,2025-06-20 13:49:00,user84@mail.com,user_84,,Cancelled,105
49,2025-02-21,West,Grocery,960.48,Jaipur,41,Premium,2025-02-21 02:59:00,user49@mail.com,user_49,237.88,Completed,102
224,2025-06-27,North,Books,595.72,Chennai,18,Free,2025-06-27 13:58:00,user224@mail.com,user_224,323.13,Completed,105
28,2025-05-03,North,Books,349.66,Bengaluru,27,Basic,2025-05-03 07:01:00,user28@mail.com,user_28,288.42,Completed,102
195,2025-01-11,South,Electronics,402.77,Kolkata,32,Basic,2025-01-11 11:12:00,user195@mail.com,user_195,19.4,Cancelled,103
234,2025-01-13,South,Furniture,748.74,Delhi,52,Free,2025-01-13 13:41:00,,user_234,197.83,Cancelled,102
261,2025-01-04,West,Electronics,224.3,Kolkata,43,Basic,2025-01-04 23:55:00,user261@mail.com,user_261,106.63,Pending,101
24,2025-02-11,South,Furniture,572.81,Jaipur,23,Premium,2025-02-11 05:40:00,user24@mail.com,user_24,314.47,,103
18,2025-02-15,South,Grocery,68.94,Bengaluru,38,Free,2025-02-15 20:17:00,user18@mail.com,user_18,126.14,Completed,101
211,2025-06-13,West,Electronics,681.08,Chennai,57,Basic,2025-06-13 09:41:00,,user_211,334.34,Pending,103
178,2025-06-27,West,Books,939.92,Pune,33,Premium,2025-06-27 17:23:00,user178@mail.com,user_178,60.17,,104
53,2025-06-10,West,Books,45.42,Jaipur,28,Free,2025-06-10 02:42:00,user53@mail.com,,361.06,,103
151,2025-03-29,North,Clothing,682.37,Delhi,24,Free,2025-03-29 17:04:00,user151@mail.com,user_151,228.46,Pending,105
240,2025-02-27,South,Grocery,55.44,Jaipur,32,Basic,2025-02-27 23:52:00,user240@mail.com,user_240,473.01,Completed,104
186,2025-04-09,East,Electronics,291.57,Jaipur,49,Basic,2025-04-09 09:15:00,user186@mail.com,user_186,441.95,Pending,105
296,2025-04-08,North,Books,407.87,Jaipur,16,Basic,2025-04-08 12:09:00,user296@mail.com,user_296,188.66,Completed,102
171,2025-05-25,South,Grocery,383.71,Pune,53,Basic,2025-05-25 06:22:00,user171@mail.com,user_171,97.2,Pending,102
75,2025-06-24,East,Furniture,950.41,Kolkata,24,Premium,2025-06-24 22:54:00,user75@mail.com,user_75,449.06,,102
285,2025-02-24,North,Furniture,162.57,Chennai,39,Premium,2025-02-24 06:28:00,user285@mail.com,user_285,456.41,Completed,102
214,2025-03-22,North,Furniture,165.01,Jaipur,44,Basic,2025-03-22 07:21:00,user214@mail.com,,400.13,Pending,104
25,2025-03-18,West,Furniture,141.33,Mumbai,46,Free,2025-03-18 01:01:00,,user_25,426.46,Cancelled,101
235,2025-06-09,South,Clothing,792.34,Delhi,24,Basic,2025-06-09 00:22:00,,user_235,370.14,Completed,104
159,2025-01-24,North,Books,822.96,Pune,30,Basic,2025-01-24 09:21:00,user159@mail.com,user_159,318.58,Completed,101
85,2025-06-03,West,Clothing,252.98,Kolkata,31,Premium,2025-06-03 23:09:00,user85@mail.com,user_85,250.3,Completed,104
233,2025-02-06,South,Clothing,885.49,Delhi,42,Basic,2025-02-06 06:05:00,user233@mail.com,user_233,209.81,Pending,101
1,2025-04-08,East,Clothing,905.8,Mumbai,32,Basic,2025-04-08 14:31:00,user1@mail.com,user_1,490.58,Cancelled,102
100,2025-03-15,West,Grocery,252.54,Jaipur,32,Free,2025-03-15 21:09:00,user100@mail.com,user_100,471.2,Cancelled,103
180,2025-04-03,North,Grocery,674.09,Delhi,51,Premium,2025-04-03 18:33:00,user180@mail.com,user_180,475.04,Pending,105
37,2025-01-14,North,Clothing,691.97,Delhi,53,Premium,2025-01-14 04:13:00,user37@mail.com,user_37,18.37,Pending,102
260,2025-05-18,North,Clothing,36.46,Pune,48,Basic,2025-05-18 14:43:00,user260@mail.com,user_260,466.44,Cancelled,105
192,2025-03-29,East,Books,861.77,Pune,33,Basic,2025-03-29 15:22:00,user192@mail.com,user_192,182.29,Cancelled,101
298,2025-06-19,East,Electronics,330.4,Delhi,41,Premium,2025-06-19 00:22:00,user298@mail.com,user_298,496.61,Pending,104
212,2025-06-09,South,Clothing,398.28,Jaipur,55,Free,2025-06-09 17:33:00,user212@mail.com,user_212,160.87,Completed,104
100,2025-06-20,South,Clothing,785.76,Kolkata,32,Free,2025-06-20 03:22:00,,,485.95,Completed,104
182,2025-01-04,South,Electronics,296.9,Pune,25,Basic,2025-01-04 16:01:00,user182@mail.com,user_182,402.93,Pending,101
30,2025-04-08,West,Furniture,761.94,Bengaluru,37,Basic,2025-04-08 22:13:00,user30@mail.com,user_30,333.08,Pending,105
47,2025-03-18,North,Books,501.37,Mumbai,33,Free,2025-03-18 15:46:00,,user_47,151.13,Completed,101
49,2025-01-06,West,Electronics,23.62,Bengaluru,26,Basic,2025-01-06 11:36:00,user49@mail.com,user_49,22.8,Cancelled,104
134,2025-04-09,South,Electronics,105.59,Jaipur,30,Free,2025-04-09 15:53:00,user134@mail.com,user_134,22.14,Cancelled,105
144,2025-03-04,East,Furniture,227.62,Chennai,31,Free,2025-03-04 23:01:00,user144@mail.com,user_144,316.15,Completed,103
98,2025-04-16,West,Books,573.67,Mumbai,38,Premium,2025-04-16 17:10:00,,user_98,468.26,Pending,105
214,2025-02-09,North,Electronics,144.16,Delhi,60,Premium,2025-02-09 21:28:00,user214@mail.com,user_214,422.79,Pending,101
165,2025-05-08,West,Clothing,51.59,Pune,22,Basic,2025-05-08 12:32:00,user165@mail.com,user_165,353.81,,105
298,2025-03-31,South,Books,912.68,Jaipur,31,Free,2025-03-31 10:18:00,user298@mail.com,user_298,143.28,Cancelled,103
116,2025-04-20,East,Clothing,86.63,Bengaluru,60,Premium,2025-04-20 21:08:00,user116@mail.com,user_116,235.38,Pending,101
247,2025-05-10,South,Electronics,958.65,Bengaluru,37,Free,2025-05-10 00:02:00,user247@mail.com,user_247,12.15,Completed,105
258,2025-01-25,South,Grocery,597.31,Mumbai,42,Basic,2025-01-25 07:12:00,user258@mail.com,user_258,489.1,Completed,101
234,2025-04-21,North,Furniture,469.68,Delhi,38,Premium,2025-04-21 06:12:00,user234@mail.com,user_234,241.98,Completed,101
251,2025-01-14,North,Clothing,499.86,Delhi,59,Basic,2025-01-14 16:29:00,user251@mail.com,user_251,25.97,Completed,101
69,2025-06-13,West,Furniture,864.77,Jaipur,48,Premium,2025-06-13 02:20:00,user69@mail.com,user_69,422.17,Completed,101
91,2025-06-01,West,Grocery,254.21,Bengaluru,40,Premium,2025-06-01 19:12:00,user91@mail.com,user_91,54.04,Pending,104
64,2025-02-09,East,Clothing,176.16,Hyderabad,35,Premium,2025-02-09 06:11:00,user64@mail.com,,195.97,Cancelled,101
91,2025-01-24,East,Grocery,678.23,Jaipur,29,Premium,2025-01-24 06:24:00,user91@mail.com,user_91,,Cancelled,104
198,2025-05-18,North,Books,339.9,Bengaluru,38,Free,2025-05-18 09:40:00,user198@mail.com,user_198,145.12,Cancelled,102
84,2025-06-23,East,Furniture,472.26,Mumbai,50,Premium,2025-06-23 01:54:00,user84@mail.com,user_84,198.31,Completed,104
65,2025-04-27,South,Electronics,38.85,Mumbai,38,Basic,2025-04-27 18:12:00,user65@mail.com,user_65,295.63,Pending,105
157,2025-03-20,East,Furniture,577,Jaipur,54,Basic,2025-03-20 21:56:00,user157@mail.com,user_157,415.36,Completed,101
173,2025-06-16,North,Clothing,573.38,Kolkata,22,Free,2025-06-16 21:35:00,user173@mail.com,user_173,109.46,Cancelled,104
77,2025-05-21,North,Furniture,172.23,Bengaluru,45,Basic,2025-05-21 03:36:00,user77@mail.com,user_77,395.22,Pending,103
224,2025-03-20,South,Grocery,433.41,Jaipur,26,Premium,2025-03-20 12:17:00,user224@mail.com,user_224,122.52,Completed,101
159,2025-02-07,South,Electronics,554.43,Kolkata,40,Basic,2025-02-07 06:49:00,user159@mail.com,user_159,,,103
202,2025-04-13,North,Electronics,335.19,Pune,59,Free,2025-04-13 04:13:00,user202@mail.com,user_202,51.34,,105
40,2025-01-03,North,Furniture,963.83,Jaipur,54,Free,2025-01-03 20:44:00,user40@mail.com,user_40,428.95,Pending,101
136,2025-03-07,South,Electronics,679.49,Bengaluru,48,Premium,2025-03-07 05:58:00,user136@mail.com,user_136,167,Completed,104
260,2025-02-13,South,Furniture,326.76,Chennai,23,Free,2025-02-13 21:17:00,user260@mail.com,user_260,,Completed,103
75,2025-01-27,East,Grocery,239.85,Jaipur,57,Basic,2025-01-27 05:51:00,user75@mail.com,user_75,437.87,Cancelled,103
194,2025-04-18,North,Grocery,471.23,Mumbai,32,Free,2025-04-18 02:42:00,user194@mail.com,user_194,,Cancelled,101
142,2025-05-29,East,Clothing,728.44,Hyderabad,19,Premium,2025-05-29 17:16:00,user142@mail.com,user_142,228.63,Pending,105
241,2025-02-09,East,Electronics,831.74,Delhi,21,Free,2025-02-09 17:02:00,user241@mail.com,user_241,,Pending,104
3,2025-05-08,East,Furniture,572.61,Jaipur,28,Premium,2025-05-08 18:46:00,user3@mail.com,user_3,489.09,Pending,104
39,2025-05-21,East,Furniture,319.22,Jaipur,23,Premium,2025-05-21 17:27:00,user39@mail.com,user_39,44.23,Pending,103
101,2025-01-13,South,Furniture,470.37,Bengaluru,25,Free,2025-01-13 23:52:00,user101@mail.com,user_101,123.13,Completed,104
101,2025-01-18,South,Grocery,198.61,Chennai,37,Premium,2025-01-18 17:49:00,user101@mail.com,,356.89,Completed,102
186,2025-01-04,West,Books,358.93,Delhi,27,Basic,2025-01-04 21:50:00,user186@mail.com,user_186,24.34,Pending,104
108,2025-06-20,West,Furniture,448.34,Bengaluru,26,Free,2025-06-20 18:05:00,user108@mail.com,user_108,46.28,Pending,102
79,2025-01-03,West,Grocery,818.06,Hyderabad,23,Free,2025-01-03 17:25:00,user79@mail.com,user_79,395.8,Pending,105
79,2025-06-06,South,Furniture,101.82,Chennai,37,Free,2025-06-06 21:00:00,user79@mail.com,,128.91,Completed,102
44,2025-05-29,South,Electronics,58.25,Hyderabad,55,Free,2025-05-29 19:10:00,user44@mail.com,user_44,40.48,Completed,105
190,2025-06-20,West,Books,626.43,Jaipur,47,Premium,2025-06-20 22:58:00,user190@mail.com,user_190,240.73,,105
224,2025-05-19,North,Furniture,873.2,Mumbai,19,Basic,2025-05-19 09:50:00,user224@mail.com,user_224,307.85,Pending,104
73,2025-02-26,North,Books,847.26,Mumbai,48,Free,2025-02-26 08:17:00,user73@mail.com,user_73,246.96,Pending,102
112,2025-03-22,North,Furniture,87.98,Jaipur,53,Basic,2025-03-22 10:15:00,user112@mail.com,user_112,34.35,Pending,104
65,2025-02-13,East,Electronics,649.09,Jaipur,51,Premium,2025-02-13 15:10:00,user65@mail.com,user_65,12.39,Completed,101
42,2025-06-04,East,Furniture,711.22,Delhi,32,Basic,2025-06-04 01:34:00,user42@mail.com,user_42,168.08,Completed,102
111,2025-05-11,North,Furniture,79.61,Delhi,22,Premium,2025-05-11 02:12:00,user111@mail.com,user_111,63.53,Cancelled,104
75,2025-05-10,West,Grocery,993.77,Chennai,42,Free,2025-05-10 10:32:00,user75@mail.com,user_75,,Pending,103
70,2025-03-09,South,Books,146.66,Kolkata,23,Premium,2025-03-09 05:00:00,user70@mail.com,user_70,257.57,Cancelled,102
116,2025-04-05,West,Electronics,650.31,Hyderabad,38,Free,2025-04-05 17:16:00,user116@mail.com,user_116,60.66,,101
117,2025-04-29,North,Electronics,720.35,Chennai,23,Basic,2025-04-29 22:13:00,user117@mail.com,user_117,67.98,Completed,104
275,2025-05-22,East,Grocery,132.04,Jaipur,49,Premium,2025-05-22 10:37:00,user275@mail.com,user_275,491.36,Completed,102
237,2025-03-25,South,Books,217.03,Chennai,22,Free,2025-03-25 23:02:00,user237@mail.com,user_237,296.63,Pending,105
121,2025-01-13,West,Furniture,498.26,Bengaluru,56,Free,2025-01-13 18:54:00,user121@mail.com,user_121,415.96,Cancelled,103
132,2025-01-11,North,Furniture,180.87,Mumbai,56,Free,2025-01-11 04:00:00,user132@mail.com,user_132,,Cancelled,102
197,2025-01-16,South,Electronics,802.88,Chennai,31,Basic,2025-01-16 14:09:00,user197@mail.com,user_197,305.06,Pending,101
113,2025-05-10,South,Furniture,882.73,Delhi,48,Basic,2025-05-10 07:22:00,user113@mail.com,user_113,,Cancelled,105
106,2025-05-13,West,Books,633.44,Kolkata,30,Premium,2025-05-13 06:11:00,user106@mail.com,user_106,300.9,Pending,102
97,2025-04-21,South,Books,891.09,Jaipur,25,Basic,2025-04-21 09:32:00,user97@mail.com,user_97,359.3,Completed,101
89,2025-06-18,North,Furniture,758.77,Kolkata,60,Premium,2025-06-18 00:31:00,user89@mail.com,,,Pending,105
260,2025-03-26,South,Grocery,625.04,Pune,35,Free,2025-03-26 15:00:00,user260@mail.com,user_260,480.03,Cancelled,102
265,2025-02-20,South,Furniture,679.8,Kolkata,18,Basic,2025-02-20 16:06:00,user265@mail.com,user_265,459.03,,101
221,2025-01-15,South,Electronics,200.81,Mumbai,47,Free,2025-01-15 12:33:00,user221@mail.com,user_221,,Pending,104
77,2025-03-21,East,Books,926.67,Jaipur,29,Premium,2025-03-21 23:24:00,user77@mail.com,user_77,254.03,Cancelled,102
228,2025-04-21,South,Books,51.78,Mumbai,36,Premium,2025-04-21 15:17:00,,,176.55,Cancelled,102
250,2025-06-12,West,Books,307.53,Jaipur,44,Basic,2025-06-12 00:22:00,user250@mail.com,user_250,414.84,Completed,103
137,2025-01-31,South,Electronics,422.77,Pune,27,Free,2025-01-31 23:28:00,user137@mail.com,,167.78,Cancelled,105
199,2025-06-23,South,Clothing,432.7,Kolkata,32,Basic,2025-06-23 14:30:00,,user_199,77.06,,104
258,2025-04-24,South,Grocery,265.93,Pune,21,Basic,2025-04-24 00:20:00,,user_258,497.36,Pending,101
117,2025-02-11,East,Electronics,108.34,Hyderabad,45,Free,2025-02-11 06:19:00,user117@mail.com,user_117,,Completed,102
255,2025-03-29,East,Clothing,766.74,Jaipur,39,Free,2025-03-29 11:21:00,user255@mail.com,user_255,42.06,Pending,102
37,2025-02-02,West,Electronics,132.33,Kolkata,57,Premium,2025-02-02 16:44:00,user37@mail.com,user_37,488,Pending,102
63,2025-06-01,South,Clothing,957.51,Jaipur,18,Free,2025-06-01 15:44:00,user63@mail.com,user_63,7.3,Pending,103
199,2025-01-11,North,Clothing,575.84,Delhi,41,Premium,2025-01-11 09:42:00,user199@mail.com,,97.92,Cancelled,102
258,2025-04-02,West,Clothing,671.25,Chennai,59,Free,2025-04-02 04:26:00,user258@mail.com,,430.32,Cancelled,105
202,2025-03-04,East,Books,638.62,Hyderabad,21,Free,2025-03-04 21:11:00,user202@mail.com,user_202,41.03,Pending,103
214,2025-02-06,South,Grocery,98.51,Mumbai,28,Free,2025-02-06 10:11:00,user214@mail.com,user_214,214.82,Completed,101
165,2025-05-04,North,Grocery,601.33,Jaipur,59,Basic,2025-05-04 23:40:00,user165@mail.com,user_165,464.93,Completed,101
167,2025-02-08,South,Books,540.08,Delhi,33,Basic,2025-02-08 06:07:00,user167@mail.com,,11.88,Pending,102
263,2025-02-17,South,Books,58.99,Kolkata,34,Premium,2025-02-17 22:05:00,user263@mail.com,user_263,43.98,Pending,103
24,2025-03-26,East,Furniture,863.68,Mumbai,37,Free,2025-03-26 12:00:00,user24@mail.com,user_24,428.65,Cancelled,103
185,2025-06-28,South,Furniture,376.07,Chennai,33,Premium,2025-06-28 15:21:00,user185@mail.com,user_185,200.53,Pending,102
30,2025-04-12,North,Electronics,680.44,Kolkata,20,Basic,2025-04-12 01:52:00,user30@mail.com,user_30,438.68,Cancelled,102
144,2025-02-17,South,Clothing,710.66,Mumbai,57,Basic,2025-02-17 16:50:00,user144@mail.com,user_144,151.67,Cancelled,105
88,2025-05-13,West,Electronics,93.97,Jaipur,42,Free,2025-05-13 00:12:00,user88@mail.com,user_88,455.47,Cancelled,101
5,2025-01-03,North,Books,597.09,Delhi,41,Premium,2025-01-03 12:53:00,user5@mail.com,user_5,,Completed,104
247,2025-06-08,South,Books,761.68,Kolkata,44,Premium,2025-06-08 09:11:00,user247@mail.com,user_247,482.34,Pending,105
127,2025-01-24,North,Grocery,364.16,Mumbai,60,Premium,2025-01-24 05:01:00,user127@mail.com,user_127,,Cancelled,103
135,2025-01-06,East,Electronics,212.6,Delhi,50,Basic,2025-01-06 15:57:00,user135@mail.com,user_135,397.71,,101
236,2025-04-03,East,Books,789.14,Bengaluru,60,Premium,2025-04-03 08:24:00,user236@mail.com,user_236,266.88,Cancelled,101
17,2025-03-08,West,Books,415.53,Jaipur,54,Premium,2025-03-08 21:06:00,,user_17,318.5,Completed,105
25,2025-02-21,South,Clothing,522.99,Jaipur,46,Free,2025-02-21 05:30:00,user25@mail.com,user_25,483.17,Pending,104
62,2025-02-09,West,Furniture,416.97,Chennai,19,Basic,2025-02-09 21:55:00,user62@mail.com,user_62,406.74,Pending,102
179,2025-01-14,North,Clothing,967.71,Kolkata,27,Free,2025-01-14 03:18:00,user179@mail.com,,118.16,Pending,103
202,2025-03-26,North,Electronics,966.44,Delhi,16,Basic,2025-03-26 06:42:00,,user_202,44.02,Completed,104
199,2025-05-14,West,Furniture,408.21,Pune,17,Premium,2025-05-14 23:07:00,user199@mail.com,user_199,179.64,Cancelled,104
98,2025-03-06,East,Clothing,968.26,Delhi,33,Basic,2025-03-06 11:25:00,user98@mail.com,user_98,75.83,Pending,102
171,2025-06-12,East,Clothing,513.93,Delhi,47,Free,2025-06-12 05:15:00,user171@mail.com,user_171,219.74,Completed,105
143,2025-04-17,West,Grocery,146.74,Kolkata,30,Basic,2025-04-17 21:17:00,user143@mail.com,user_143,319.61,Cancelled,105
298,2025-05-09,South,Books,637.11,Jaipur,41,Basic,2025-05-09 00:17:00,user298@mail.com,user_298,478.81,Completed,105
273,2025-06-23,South,Furniture,430.93,Chennai,59,Premium,2025-06-23 20:45:00,user273@mail.com,user_273,351.22,Completed,105
187,2025-01-09,West,Furniture,694.98,Mumbai,22,Basic,2025-01-09 21:03:00,user187@mail.com,user_187,298.22,Pending,105
282,2025-01-14,South,Clothing,372.18,Bengaluru,49,Free,2025-01-14 02:38:00,user282@mail.com,user_282,342.63,Completed,104
76,2025-04-05,South,Books,33.99,Bengaluru,39,Premium,2025-04-05 07:24:00,user76@mail.com,user_76,147.01,Completed,105
89,2025-03-08,South,Electronics,622.93,Delhi,23,Free,2025-03-08 11:52:00,user89@mail.com,user_89,210.09,,101
228,2025-06-24,West,Grocery,703.39,Kolkata,33,Premium,2025-06-24 06:40:00,user228@mail.com,user_228,266.07,Completed,103
88,2025-04-13,East,Grocery,187.45,Mumbai,19,Basic,2025-04-13 07:59:00,user88@mail.com,user_88,289.02,Pending,101
273,2025-01-23,North,Furniture,484.65,Jaipur,50,Premium,2025-01-23 00:44:00,user273@mail.com,user_273,12.91,Completed,103
14,2025-03-24,South,Furniture,46.43,Jaipur,17,Basic,2025-03-24 23:58:00,user14@mail.com,user_14,324.35,Completed,105
158,2025-02-04,West,Grocery,45.85,Jaipur,31,Premium,2025-02-04 00:22:00,,user_158,110.42,Completed,101
60,2025-06-30,South,Books,864.25,Chennai,16,Premium,2025-06-30 12:13:00,user60@mail.com,user_60,489.66,Pending,102
125,2025-01-14,West,Electronics,722.23,Hyderabad,25,Basic,2025-01-14 08:51:00,user125@mail.com,user_125,65.69,Pending,105
221,2025-04-27,North,Books,879.54,Jaipur,41,Free,2025-04-27 12:31:00,user221@mail.com,user_221,6.21,Completed,103
8,2025-03-09,East,Furniture,565.92,Mumbai,24,Premium,2025-03-09 00:04:00,user8@mail.com,user_8,271.78,Cancelled,104
3,2025-06-10,West,Electronics,484.95,Mumbai,33,Free,2025-06-10 01:10:00,user3@mail.com,user_3,154.22,,104
43,2025-03-14,West,Furniture,784.33,Jaipur,57,Premium,2025-03-14 17:52:00,user43@mail.com,user_43,154.24,Pending,105
26,2025-05-02,West,Electronics,334.16,Hyderabad,52,Basic,2025-05-02 14:58:00,user26@mail.com,user_26,68.88,Pending,101
215,2025-01-03,South,Furniture,750.87,Delhi,25,Free,2025-01-03 08:00:00,user215@mail.com,user_215,138.27,Cancelled,104
57,2025-06-03,West,Clothing,108.51,Pune,34,Basic,2025-06-03 11:44:00,user57@mail.com,user_57,402.55,Cancelled,104
249,2025-05-31,North,Books,693,Jaipur,48,Premium,2025-05-31 12:53:00,user249@mail.com,user_249,66.84,Cancelled,104
85,2025-01-21,North,Furniture,667.13,Mumbai,32,Premium,2025-01-21 00:50:00,user85@mail.com,user_85,269.78,Pending,104
241,2025-06-08,West,Books,633.02,Chennai,57,Free,2025-06-08 17:44:00,user241@mail.com,user_241,238.56,Completed,105
108,2025-05-01,North,Furniture,583.26,Delhi,56,Premium,2025-05-01 11:40:00,user108@mail.com,user_108,45.66,Completed,104
254,2025-05-01,West,Clothing,530.67,Mumbai,49,Basic,2025-05-01 07:07:00,user254@mail.com,user_254,455.79,Cancelled,104
223,2025-02-21,West,Furniture,820.65,Kolkata,18,Basic,2025-02-21 01:00:00,user223@mail.com,user_223,,Pending,103
113,2025-06-01,East,Electronics,482.83,Jaipur,58,Premium,2025-06-01 23:50:00,user113@mail.com,user_113,459.9,Pending,102
9,2025-01-05,North,Clothing,654.08,Delhi,42,Premium,2025-01-05 01:58:00,user9@mail.com,user_9,473.59,Pending,101
284,2025-02-02,West,Books,889.15,Delhi,60,Free,2025-02-02 05:21:00,user284@mail.com,user_284,77.39,Completed,105
218,2025-02-13,West,Clothing,112.67,Bengaluru,27,Premium,2025-02-13 16:32:00,user218@mail.com,user_218,289.16,Cancelled,104
258,2025-06-25,South,Books,815.04,Mumbai,48,Basic,2025-06-25 06:40:00,user258@mail.com,user_258,26.84,Cancelled,104
83,2025-05-09,South,Books,229.39,Jaipur,19,Premium,2025-05-09 16:21:00,user83@mail.com,user_83,445.8,Pending,101
138,2025-01-08,West,Furniture,349.8,Mumbai,16,Free,2025-01-08 02:49:00,user138@mail.com,user_138,148.75,Cancelled,103
250,2025-01-07,South,Clothing,862.4,Kolkata,59,Basic,2025-01-07 13:32:00,user250@mail.com,user_250,409.11,,103
149,2025-04-17,West,Electronics,474.02,Jaipur,39,Free,2025-04-17 04:42:00,user149@mail.com,user_149,231.52,Cancelled,103
123,2025-03-05,North,Grocery,583.93,Jaipur,47,Free,2025-03-05 01:31:00,user123@mail.com,,497.63,Completed,104
217,2025-01-18,North,Books,539.28,Jaipur,52,Basic,2025-01-18 16:18:00,user217@mail.com,user_217,306.61,Pending,105
62,2025-06-15,West,Books,147.31,Kolkata,49,Premium,2025-06-15 09:06:00,user62@mail.com,user_62,,Completed,102
66,2025-04-16,South,Grocery,136.54,Kolkata,49,Free,2025-04-16 05:44:00,user66@mail.com,user_66,366.62,Pending,101
109,2025-05-17,South,Furniture,634.9,Chennai,29,Premium,2025-05-17 11:27:00,user109@mail.com,user_109,,,103
201,2025-06-19,East,Clothing,587.27,Bengaluru,58,Premium,2025-06-19 09:29:00,user201@mail.com,user_201,82.01,,101
22,2025-06-14,West,Electronics,165.1,Jaipur,34,Free,2025-06-14 10:02:00,user22@mail.com,user_22,176.48,Pending,103
246,2025-01-08,East,Grocery,618.51,Mumbai,58,Basic,2025-01-08 16:17:00,user246@mail.com,user_246,240.61,Pending,103
184,2025-03-11,South,Grocery,365.22,Bengaluru,31,Free,2025-03-11 17:25:00,user184@mail.com,user_184,132.08,Completed,105
292,2025-06-17,East,Electronics,752.8,Mumbai,47,Basic,2025-06-17 11:43:00,user292@mail.com,user_292,,Completed,103
168,2025-01-11,East,Furniture,939.06,Kolkata,38,Basic,2025-01-11 17:25:00,,user_168,7.66,Completed,102
79,2025-03-28,West,Clothing,898.39,Delhi,26,Premium,2025-03-28 09:07:00,user79@mail.com,user_79,39.61,Completed,102
3,2025-03-28,East,Furniture,360.44,Pune,52,Free,2025-03-28 15:36:00,user3@mail.com,user_3,425.39,Cancelled,101
51,2025-05-28,North,Electronics,397,Mumbai,22,Free,2025-05-28 23:09:00,user51@mail.com,user_51,226.66,Pending,102
127,2025-03-18,East,Electronics,678.46,Delhi,29,Basic,2025-03-18 12:30:00,user127@mail.com,user_127,434.25,Completed,105
214,2025-01-09,North,Furniture,101.37,Mumbai,23,Free,2025-01-09 00:37:00,user214@mail.com,user_214,385.15,,102
138,2025-01-21,West,Books,481.8,Delhi,27,Free,2025-01-21 18:41:00,user138@mail.com,user_138,137.39,,102
288,2025-06-09,South,Furniture,747.18,Jaipur,54,Basic,2025-06-09 03:59:00,user288@mail.com,user_288,401.95,Pending,104
261,2025-01-27,North,Furniture,35.05,Hyderabad,16,Free,2025-01-27 23:26:00,user261@mail.com,user_261,348.57,Completed,105
44,2025-04-29,East,Furniture,78.84,Delhi,34,Premium,2025-04-29 20:07:00,user44@mail.com,user_44,185.59,Cancelled,101
241,2025-02-24,South,Electronics,927.37,Pune,16,Free,2025-02-24 06:49:00,user241@mail.com,user_241,119.6,Completed,102
135,2025-05-08,West,Electronics,146.34,Jaipur,43,Free,2025-05-08 16:30:00,user135@mail.com,user_135,,Pending,105
117,2025-03-30,West,Books,992.56,Delhi,47,Free,2025-03-30 20:34:00,user117@mail.com,user_117,146.98,,103
47,2025-05-20,South,Books,621.75,Pune,46,Premium,2025-05-20 04:57:00,user47@mail.com,,200.8,Cancelled,104
79,2025-01-19,South,Electronics,218.07,Jaipur,18,Basic,2025-01-19 14:25:00,user79@mail.com,user_79,17.29,Pending,104
82,2025-06-10,South,Furniture,80.59,Pune,16,Basic,2025-06-10 16:21:00,user82@mail.com,user_82,471.96,Cancelled,103
299,2025-04-08,West,Grocery,720.77,Delhi,55,Basic,2025-04-08 09:21:00,user299@mail.com,user_299,451.55,Pending,102
73,2025-05-23,West,Books,976.6,Mumbai,30,Basic,2025-05-23 02:47:00,user73@mail.com,user_73,,Completed,101
197,2025-05-15,North,Grocery,591.86,Pune,53,Basic,2025-05-15 22:36:00,user197@mail.com,user_197,7.11,Cancelled,103
170,2025-03-29,East,Furniture,964.72,Jaipur,40,Free,2025-03-29 10:31:00,user170@mail.com,user_170,184.41,Completed,105
247,2025-03-26,East,Furniture,345.45,Jaipur,35,Free,2025-03-26 08:11:00,user247@mail.com,user_247,242.99,Completed,104
191,2025-05-09,East,Grocery,784.13,Chennai,39,Basic,2025-05-09 18:13:00,user191@mail.com,user_191,455.61,Cancelled,105
36,2025-04-22,North,Clothing,955.87,Bengaluru,54,Premium,2025-04-22 05:56:00,user36@mail.com,user_36,230.21,Completed,103
156,2025-04-24,West,Furniture,178.14,Delhi,31,Free,2025-04-24 07:17:00,user156@mail.com,user_156,255.98,Pending,104
184,2025-05-09,South,Grocery,768.83,Mumbai,58,Premium,2025-05-09 13:56:00,user184@mail.com,user_184,447.77,Completed,101
273,2025-04-17,South,Grocery,771.68,Chennai,56,Free,2025-04-17 15:26:00,user273@mail.com,user_273,178.77,Cancelled,103
262,2025-05-03,North,Books,542.84,Delhi,17,Free,2025-05-03 20:51:00,user262@mail.com,user_262,349.96,Cancelled,103
163,2025-04-12,East,Grocery,722.36,Mumbai,54,Basic,2025-04-12 16:43:00,user163@mail.com,user_163,242.17,Pending,105
46,2025-02-09,North,Grocery,346.44,Bengaluru,31,Basic,2025-02-09 08:42:00,,user_46,288.77,Cancelled,103
210,2025-03-13,North,Books,932.28,Jaipur,59,Basic,2025-03-13 08:57:00,,user_210,63.13,Pending,101
119,2025-04-04,East,Electronics,440.72,Kolkata,54,Basic,2025-04-04 09:53:00,user119@mail.com,user_119,433.2,Cancelled,103
219,2025-05-19,South,Books,761.49,Bengaluru,33,Premium,2025-05-19 18:04:00,user219@mail.com,user_219,425.18,,105
102,2025-01-25,West,Electronics,345.89,Pune,40,Basic,2025-01-25 09:54:00,user102@mail.com,user_102,106.49,Pending,104
101,2025-03-23,North,Clothing,729.06,Hyderabad,33,Basic,2025-03-23 23:13:00,user101@mail.com,user_101,,Completed,105
48,2025-06-11,West,Books,359.93,Hyderabad,43,Free,2025-06-11 07:30:00,user48@mail.com,user_48,305.1,Completed,104
184,2025-04-17,East,Books,962.98,Pune,34,Free,2025-04-17 14:58:00,,user_184,120.22,Completed,103
19,2025-03-31,South,Clothing,201.56,Chennai,24,Premium,2025-03-31 05:44:00,user19@mail.com,user_19,314.64,,102
186,2025-05-22,South,Books,903.43,Chennai,25,Basic,2025-05-22 03:52:00,user186@mail.com,user_186,59.51,Cancelled,103
297,2025-04-06,North,Clothing,886.39,Delhi,16,Premium,2025-04-06 10:16:00,user297@mail.com,user_297,319.9,Cancelled,101
174,2025-06-28,East,Electronics,787.07,Kolkata,56,Basic,2025-06-28 03:51:00,user174@mail.com,user_174,76.75,Cancelled,104
236,2025-06-21,East,Electronics,983.59,Delhi,29,Free,2025-06-21 13:56:00,user236@mail.com,user_236,157.75,Cancelled,105
107,2025-03-02,South,Electronics,359.89,Kolkata,51,Premium,2025-03-02 23:00:00,user107@mail.com,user_107,404.91,Completed,102
150,2025-02-11,North,Clothing,647.74,Chennai,51,Premium,2025-02-11 11:22:00,user150@mail.com,user_150,461.93,Completed,103
107,2025-05-15,North,Electronics,506.08,Hyderabad,60,Basic,2025-05-15 08:23:00,user107@mail.com,user_107,,Completed,103
114,2025-04-19,East,Clothing,745.37,Delhi,53,Basic,2025-04-19 13:45:00,user114@mail.com,user_114,55.7,Cancelled,103
228,2025-05-10,South,Furniture,44.07,Delhi,17,Free,2025-05-10 11:12:00,user228@mail.com,user_228,233.9,Completed,102
10,2025-05-09,East,Furniture,806.83,Jaipur,29,Premium,2025-05-09 21:24:00,user10@mail.com,user_10,145.39,Cancelled,104
97,2025-03-31,West,Furniture,708.15,Pune,32,Basic,2025-03-31 09:10:00,user97@mail.com,user_97,126.08,Completed,105
256,2025-02-16,West,Books,475.93,Jaipur,42,Free,2025-02-16 06:21:00,user256@mail.com,user_256,320.67,Completed,105
123,2025-01-04,East,Books,836.26,Bengaluru,46,Basic,2025-01-04 21:59:00,user123@mail.com,user_123,260.54,Completed,103
134,2025-03-31,East,Books,158.88,Pune,37,Free,2025-03-31 14:09:00,user134@mail.com,user_134,442.74,Pending,103
223,2025-06-03,North,Electronics,837.61,Jaipur,30,Free,2025-06-03 11:25:00,user223@mail.com,,69.8,Cancelled,103
128,2025-01-13,East,Clothing,83.56,Hyderabad,20,Premium,2025-01-13 08:56:00,,user_128,19.63,Cancelled,101
37,2025-01-02,West,Clothing,265.81,Pune,31,Basic,2025-01-02 19:17:00,user37@mail.com,user_37,371.79,Pending,104
203,2025-06-26,West,Clothing,979.1,Kolkata,27,Basic,2025-06-26 10:44:00,,user_203,200.5,Cancelled,101
144,2025-04-03,South,Electronics,843.46,Kolkata,25,Free,2025-04-03 07:54:00,user144@mail.com,user_144,172.48,Cancelled,105
291,2025-02-26,South,Electronics,997.51,Hyderabad,40,Premium,2025-02-26 05:43:00,user291@mail.com,user_291,361.35,Completed,101
5,2025-04-30,East,Electronics,503.38,Delhi,37,Premium,2025-04-30 21:07:00,user5@mail.com,user_5,488.95,Cancelled,105
231,2025-03-14,South,Books,820.08,Mumbai,27,Basic,2025-03-14 16:59:00,user231@mail.com,user_231,,Pending,102
244,2025-03-10,South,Electronics,390.22,Mumbai,53,Basic,2025-03-10 18:17:00,user244@mail.com,user_244,353.83,,102
192,2025-01-02,West,Clothing,388.46,Jaipur,44,Basic,2025-01-02 17:09:00,user192@mail.com,,,Completed,105
285,2025-05-19,West,Clothing,699.83,Hyderabad,16,Basic,2025-05-19 09:27:00,user285@mail.com,user_285,,Completed,103
165,2025-04-08,East,Books,488.78,Jaipur,52,Premium,2025-04-08 20:58:00,user165@mail.com,user_165,454.18,Completed,101
80,2025-05-09,North,Grocery,466.93,Chennai,34,Premium,2025-05-09 05:18:00,user80@mail.com,user_80,303.78,Completed,105
201,2025-01-05,South,Clothing,522.56,Mumbai,19,Basic,2025-01-05 06:51:00,user201@mail.com,,179.18,Pending,102
220,2025-05-27,East,Books,516.6,Kolkata,31,Premium,2025-05-27 03:17:00,,user_220,421.79,Pending,104
121,2025-02-08,East,Furniture,597.53,Chennai,36,Premium,2025-02-08 05:26:00,user121@mail.com,user_121,493.54,Completed,103
299,2025-06-09,West,Books,291.02,Pune,34,Basic,2025-06-09 21:42:00,user299@mail.com,user_299,151.91,Cancelled,104
58,2025-06-07,South,Electronics,274.62,Jaipur,31,Basic,2025-06-07 00:40:00,user58@mail.com,user_58,139.09,Completed,105
47,2025-02-10,West,Electronics,955.34,Jaipur,50,Premium,2025-02-10 03:40:00,user47@mail.com,user_47,375,Cancelled,103
52,2025-02-23,South,Grocery,806.73,Delhi,54,Free,2025-02-23 01:38:00,user52@mail.com,user_52,136.77,Pending,103
214,2025-03-25,West,Clothing,663.32,Hyderabad,24,Free,2025-03-25 23:07:00,,,201.52,Pending,105
296,2025-04-26,West,Clothing,554.15,Mumbai,18,Free,2025-04-26 03:09:00,user296@mail.com,user_296,213.98,Completed,103
300,2025-06-22,North,Clothing,896.17,Mumbai,22,Premium,2025-06-22 17:02:00,user300@mail.com,user_300,58.98,Cancelled,104
150,2025-03-12,West,Furniture,174.31,Pune,55,Basic,2025-03-12 19:44:00,user150@mail.com,user_150,53.16,Pending,103
90,2025-02-09,East,Clothing,629.05,Chennai,23,Free,2025-02-09 05:29:00,user90@mail.com,user_90,104.66,Pending,101
54,2025-02-11,West,Books,87.88,Bengaluru,20,Basic,2025-02-11 17:06:00,user54@mail.com,user_54,169.2,Cancelled,103
134,2025-04-11,East,Grocery,979.55,Jaipur,50,Free,2025-04-11 19:10:00,user134@mail.com,user_134,77.18,Completed,105
192,2025-01-23,South,Clothing,172.7,Jaipur,36,Free,2025-01-23 20:28:00,user192@mail.com,user_192,,Completed,102
112,2025-01-30,South,Clothing,145.5,Pune,42,Free,2025-01-30 02:47:00,user112@mail.com,user_112,314.63,Completed,104
55,2025-04-04,South,Electronics,779.74,Jaipur,28,Basic,2025-04-04 19:43:00,user55@mail.com,user_55,423,Cancelled,103
49,2025-06-14,North,Clothing,427.7,Jaipur,19,Basic,2025-06-14 02:47:00,user49@mail.com,user_49,75.71,Completed,105
234,2025-06-24,East,Electronics,628.66,Delhi,34,Basic,2025-06-24 08:06:00,user234@mail.com,user_234,90.53,Completed,101
144,2025-04-17,North,Furniture,81.91,Pune,34,Free,2025-04-17 00:29:00,user144@mail.com,user_144,166.19,Completed,101
96,2025-04-04,West,Clothing,384.15,Jaipur,31,Basic,2025-04-04 15:35:00,user96@mail.com,user_96,239.4,Pending,104
86,2025-01-18,North,Grocery,552.41,Pune,44,Premium,2025-01-18 18:31:00,user86@mail.com,user_86,,,103
240,2025-01-15,East,Furniture,735.41,Hyderabad,43,Basic,2025-01-15 19:05:00,user240@mail.com,user_240,326.75,Completed,104
168,2025-01-08,East,Electronics,574.74,Delhi,22,Basic,2025-01-08 05:12:00,user168@mail.com,user_168,99.4,Cancelled,105
184,2025-02-06,South,Electronics,290.77,Jaipur,24,Free,2025-02-06 03:04:00,user184@mail.com,user_184,103.37,Completed,101
226,2025-01-07,North,Clothing,903.71,Jaipur,45,Premium,2025-01-07 04:06:00,user226@mail.com,user_226,204.61,Pending,103
133,2025-05-16,North,Furniture,527.01,Bengaluru,20,Premium,2025-05-16 20:22:00,user133@mail.com,user_133,315.18,Completed,102
298,2025-02-27,West,Furniture,384.52,Bengaluru,54,Basic,2025-02-27 15:32:00,user298@mail.com,user_298,63.01,Cancelled,101
193,2025-02-15,North,Furniture,495.19,Jaipur,31,Free,2025-02-15 06:01:00,user193@mail.com,user_193,,Cancelled,102
158,2025-06-27,East,Furniture,281.24,Jaipur,48,Basic,2025-06-27 12:31:00,user158@mail.com,user_158,161.4,,104
100,2025-01-17,East,Electronics,247.36,Delhi,23,Free,2025-01-17 15:23:00,user100@mail.com,user_100,365.6,Pending,101
163,2025-01-11,West,Furniture,242.01,Jaipur,50,Free,2025-01-11 05:59:00,user163@mail.com,user_163,33.05,Completed,102
32,2025-01-03,West,Electronics,776.57,Kolkata,51,Basic,2025-01-03 16:06:00,user32@mail.com,user_32,36.05,Pending,103
255,2025-05-09,North,Clothing,780.02,Delhi,32,Free,2025-05-09 07:44:00,user255@mail.com,user_255,261.88,Completed,105
300,2025-05-05,North,Clothing,495.94,Bengaluru,29,Basic,2025-05-05 14:10:00,,user_300,25.6,Cancelled,104
148,2025-02-07,West,Grocery,229.35,Chennai,58,Premium,2025-02-07 06:13:00,user148@mail.com,user_148,289.23,Pending,102
208,2025-01-31,North,Electronics,936.5,Delhi,40,Premium,2025-01-31 04:25:00,user208@mail.com,user_208,47.06,Pending,103
81,2025-06-18,East,Electronics,976.41,Bengaluru,53,Premium,2025-06-18 15:40:00,user81@mail.com,user_81,382.69,,103
250,2025-06-03,South,Grocery,455.53,Chennai,35,Basic,2025-06-03 18:59:00,,user_250,388.64,Completed,104
78,2025-06-17,North,Electronics,365.7,Jaipur,27,Basic,2025-06-17 17:26:00,user78@mail.com,user_78,363.73,Completed,101
140,2025-01-01,South,Electronics,21.47,Jaipur,28,Free,2025-01-01 02:54:00,user140@mail.com,,,Completed,104
299,2025-05-22,North,Books,54.92,Pune,44,Basic,2025-05-22 18:57:00,user299@mail.com,user_299,283.06,Completed,103
17,2025-06-21,East,Electronics,971.62,Hyderabad,40,Basic,2025-06-21 15:33:00,user17@mail.com,user_17,,Cancelled,105
171,2025-05-30,West,Grocery,966.57,Mumbai,45,Free,2025-05-30 00:04:00,user171@mail.com,user_171,201.1,Cancelled,101
189,2025-01-31,West,Electronics,956.62,Bengaluru,57,Premium,2025-01-31 15:56:00,user189@mail.com,user_189,45.18,,102
282,2025-02-10,South,Clothing,943.87,Jaipur,23,Basic,2025-02-10 14:02:00,user282@mail.com,,225.44,Completed,103
270,2025-06-12,South,Furniture,294.74,Jaipur,50,Basic,2025-06-12 10:07:00,user270@mail.com,user_270,321.27,Pending,101
174,2025-03-22,West,Electronics,972.89,Jaipur,27,Free,2025-03-22 09:14:00,user174@mail.com,user_174,206.23,Completed,101
297,2025-05-05,South,Clothing,334.17,Delhi,29,Free,2025-05-05 10:39:00,user297@mail.com,user_297,178.32,,101
35,2025-06-13,East,Electronics,853.58,Chennai,33,Free,2025-06-13 23:38:00,,user_35,423.75,Pending,105
148,2025-02-18,North,Grocery,729.99,Kolkata,26,Premium,2025-02-18 09:09:00,user148@mail.com,user_148,61.34,,104
177,2025-04-06,East,Clothing,136.96,Mumbai,17,Free,2025-04-06 13:56:00,user177@mail.com,user_177,404.15,Completed,102
55,2025-04-18,North,Clothing,43.96,Mumbai,38,Basic,2025-04-18 10:54:00,user55@mail.com,user_55,,Cancelled,104
219,2025-01-17,East,Furniture,799.65,Bengaluru,24,Basic,2025-01-17 03:30:00,user219@mail.com,user_219,,Pending,105
179,2025-04-14,South,Furniture,34.98,Delhi,19,Basic,2025-04-14 10:16:00,user179@mail.com,user_179,266.27,Cancelled,102
32,2025-01-21,South,Books,167.45,Delhi,33,Free,2025-01-21 01:05:00,user32@mail.com,user_32,35.84,Cancelled,101
56,2025-06-23,West,Grocery,60.42,Jaipur,22,Premium,2025-06-23 00:21:00,user56@mail.com,user_56,78.52,Completed,104
42,2025-04-16,East,Books,732.85,Pune,44,Premium,2025-04-16 15:41:00,user42@mail.com,user_42,82,Pending,103
153,2025-03-27,South,Grocery,629.9,Chennai,16,Basic,2025-03-27 07:21:00,user153@mail.com,user_153,131.66,Pending,103
278,2025-01-01,East,Furniture,945.04,Pune,57,Free,2025-01-01 18:17:00,user278@mail.com,user_278,197.9,,105
132,2025-03-18,East,Electronics,777.87,Pune,24,Free,2025-03-18 16:09:00,user132@mail.com,user_132,451.57,Pending,101
177,2025-04-02,East,Electronics,913.49,Pune,38,Basic,2025-04-02 08:17:00,user177@mail.com,user_177,344.29,Completed,101
200,2025-01-01,North,Electronics,265.89,Delhi,28,Free,2025-01-01 10:57:00,user200@mail.com,user_200,335.29,Cancelled,103
4,2025-02-06,East,Clothing,266.44,Kolkata,17,Premium,2025-02-06 19:15:00,user4@mail.com,user_4,,Completed,102
35,2025-03-20,West,Clothing,477.11,Mumbai,43,Premium,2025-03-20 01:17:00,user35@mail.com,user_35,296.69,Completed,101
250,2025-03-29,North,Grocery,966.69,Jaipur,55,Basic,2025-03-29 14:49:00,user250@mail.com,user_250,49.34,Completed,101
213,2025-04-22,West,Furniture,550.99,Chennai,42,Free,2025-04-22 06:46:00,user213@mail.com,user_213,32.72,Cancelled,105
233,2025-04-02,North,Grocery,747.2,Chennai,21,Free,2025-04-02 06:08:00,user233@mail.com,user_233,419.93,Pending,103
127,2025-01-17,North,Grocery,189.14,Mumbai,46,Premium,2025-01-17 13:05:00,user127@mail.com,user_127,488.27,Completed,105
120,2025-04-19,East,Electronics,743.68,Pune,41,Basic,2025-04-19 23:48:00,user120@mail.com,user_120,18.96,Completed,103
7,2025-01-09,West,Electronics,814.09,Hyderabad,57,Free,2025-01-09 01:50:00,user7@mail.com,user_7,240.36,Cancelled,103
271,2025-05-28,North,Books,376.53,Bengaluru,31,Free,2025-05-28 10:44:00,user271@mail.com,user_271,345.53,Completed,101
109,2025-04-06,South,Books,674.94,Jaipur,37,Premium,2025-04-06 11:56:00,user109@mail.com,user_109,237.36,Pending,105
91,2025-02-01,North,Electronics,301.1,Mumbai,20,Basic,2025-02-01 18:19:00,user91@mail.com,user_91,118.54,Completed,102
196,2025-05-07,South,Grocery,933.65,Chennai,41,Basic,2025-05-07 17:09:00,user196@mail.com,user_196,339.75,Completed,101
80,2025-02-23,South,Clothing,980.02,Bengaluru,40,Basic,2025-02-23 06:57:00,user80@mail.com,user_80,6.62,Pending,105
242,2025-06-26,South,Grocery,278.69,Mumbai,28,Premium,2025-06-26 18:53:00,user242@mail.com,user_242,358.47,Pending,101
265,2025-05-19,West,Electronics,937.84,Mumbai,34,Free,2025-05-19 20:37:00,user265@mail.com,,269.6,Completed,103
299,2025-03-03,South,Furniture,480.9,Kolkata,57,Premium,2025-03-03 14:08:00,user299@mail.com,user_299,447.75,Completed,102
54,2025-02-09,West,Electronics,424.49,Bengaluru,49,Free,2025-02-09 08:24:00,user54@mail.com,user_54,153.5,Pending,101
56,2025-04-03,North,Books,883.02,Delhi,31,Free,2025-04-03 01:15:00,user56@mail.com,user_56,488.45,Cancelled,101
5,2025-04-06,East,Electronics,697.41,Pune,27,Free,2025-04-06 16:37:00,user5@mail.com,user_5,,Completed,102
125,2025-01-26,West,Clothing,892.04,Pune,34,Premium,2025-01-26 23:23:00,user125@mail.com,user_125,35.57,Pending,103
251,2025-02-09,West,Books,953.67,Mumbai,37,Premium,2025-02-09 05:47:00,user251@mail.com,user_251,240.18,Pending,102
1,2025-06-11,North,Electronics,845.15,Delhi,51,Basic,2025-06-11 09:19:00,user1@mail.com,user_1,452.62,Pending,105
114,2025-02-23,South,Furniture,105.24,Delhi,31,Free,2025-02-23 19:09:00,user114@mail.com,user_114,457.57,Pending,103
121,2025-02-15,East,Grocery,295.91,Mumbai,35,Free,2025-02-15 18:34:00,user121@mail.com,user_121,379.45,,103
42,2025-01-15,North,Furniture,528.81,Jaipur,40,Free,2025-01-15 17:30:00,user42@mail.com,user_42,495.53,Completed,102
19,2025-03-06,West,Electronics,480.11,Jaipur,34,Basic,2025-03-06 12:39:00,user19@mail.com,user_19,158.86,Pending,102
95,2025-02-21,North,Grocery,39.13,Jaipur,45,Basic,2025-02-21 23:32:00,user95@mail.com,user_95,68.51,Completed,104
298,2025-02-05,South,Clothing,535.34,Jaipur,29,Basic,2025-02-05 19:43:00,user298@mail.com,user_298,410.1,Pending,101
220,2025-01-01,North,Furniture,364.34,Chennai,33,Premium,2025-01-01 09:29:00,,user_220,445.1,Cancelled,103
198,2025-06-17,East,Clothing,632.66,Delhi,55,Premium,2025-06-17 10:23:00,user198@mail.com,user_198,150.6,Cancelled,101
293,2025-03-22,South,Furniture,669.79,Jaipur,46,Basic,2025-03-22 19:53:00,user293@mail.com,user_293,256.34,Completed,105
199,2025-01-25,South,Books,615.98,Delhi,40,Basic,2025-01-25 19:21:00,user199@mail.com,user_199,332.02,Completed,103
266,2025-02-27,East,Electronics,424.52,Jaipur,31,Premium,2025-02-27 13:24:00,user266@mail.com,user_266,254.89,Pending,102
216,2025-01-06,East,Electronics,780.08,Delhi,44,Basic,2025-01-06 12:26:00,user216@mail.com,user_216,116.45,Cancelled,103
297,2025-02-01,South,Books,856.65,Mumbai,48,Premium,2025-02-01 15:48:00,user297@mail.com,user_297,271.09,Pending,103
170,2025-03-12,South,Clothing,77.12,Kolkata,54,Basic,2025-03-12 16:43:00,user170@mail.com,user_170,308.49,Cancelled,101
188,2025-06-22,West,Clothing,234.87,Delhi,39,Premium,2025-06-22 00:31:00,user188@mail.com,user_188,354.51,Completed,102
270,2025-05-01,East,Electronics,809.72,Pune,39,Free,2025-05-01 17:14:00,user270@mail.com,user_270,307.2,Cancelled,105
34,2025-02-25,North,Electronics,891.32,Jaipur,51,Free,2025-02-25 00:51:00,user34@mail.com,user_34,285.3,Cancelled,104
110,2025-03-29,West,Grocery,662.02,Chennai,57,Basic,2025-03-29 14:10:00,user110@mail.com,user_110,98.05,Cancelled,102
187,2025-06-15,South,Electronics,253.09,Jaipur,39,Free,2025-06-15 00:44:00,user187@mail.com,user_187,457.22,Completed,104
135,2025-02-22,East,Electronics,460.49,Jaipur,32,Free,2025-02-22 22:43:00,user135@mail.com,user_135,146.91,,102
199,2025-05-05,South,Books,934.16,Delhi,38,Premium,2025-05-05 02:59:00,user199@mail.com,user_199,482.5,,101
16,2025-04-30,North,Furniture,518.14,Pune,31,Free,2025-04-30 01:24:00,user16@mail.com,user_16,475,Completed,103
80,2025-02-08,East,Clothing,291.82,Jaipur,47,Basic,2025-02-08 00:52:00,user80@mail.com,,498.66,Cancelled,101
77,2025-06-12,South,Clothing,275.2,Delhi,25,Premium,2025-06-12 13:42:00,user77@mail.com,user_77,,Cancelled,103
292,2025-06-18,South,Books,638.09,Jaipur,48,Basic,2025-06-18 21:22:00,user292@mail.com,user_292,426.2,,104
94,2025-01-31,East,Grocery,407.08,Kolkata,37,Basic,2025-01-31 02:45:00,user94@mail.com,user_94,52.95,Pending,105
103,2025-03-09,West,Grocery,553.5,Delhi,32,Free,2025-03-09 00:59:00,user103@mail.com,user_103,387.22,Cancelled,101
8,2025-05-15,East,Books,602.45,Pune,16,Basic,2025-05-15 22:33:00,user8@mail.com,user_8,396.8,Completed,102
297,2025-06-24,South,Furniture,871.81,Jaipur,28,Premium,2025-06-24 23:55:00,user297@mail.com,user_297,101.79,Cancelled,104
288,2025-02-04,North,Furniture,774.71,Jaipur,37,Basic,2025-02-04 07:32:00,user288@mail.com,user_288,317.93,Cancelled,105
11,2025-03-26,East,Furniture,983.05,Bengaluru,48,Free,2025-03-26 00:48:00,user11@mail.com,user_11,108.95,Cancelled,105
141,2025-02-27,South,Furniture,828.24,Kolkata,50,Basic,2025-02-27 05:16:00,,user_141,38.28,,102
102,2025-06-02,South,Books,905.16,Kolkata,55,Premium,2025-06-02 10:06:00,user102@mail.com,user_102,310.07,Pending,104
165,2025-06-08,West,Clothing,742.84,Pune,47,Premium,2025-06-08 07:17:00,user165@mail.com,user_165,314.83,Pending,105
265,2025-04-16,South,Electronics,688.67,Pune,27,Free,2025-04-16 16:31:00,user265@mail.com,user_265,363.87,,105
17,2025-03-05,West,Grocery,745.03,Delhi,30,Free,2025-03-05 15:45:00,user17@mail.com,user_17,459.27,Completed,104
254,2025-04-27,South,Electronics,61.3,Chennai,28,Free,2025-04-27 01:14:00,user254@mail.com,user_254,452.15,Pending,104
250,2025-04-06,East,Furniture,863.46,Hyderabad,55,Basic,2025-04-06 06:29:00,user250@mail.com,user_250,203.89,Pending,102
146,2025-02-15,West,Grocery,627.56,Mumbai,38,Free,2025-02-15 09:27:00,user146@mail.com,user_146,301.11,Pending,104
51,2025-01-10,West,Grocery,748.2,Pune,22,Premium,2025-01-10 02:52:00,user51@mail.com,user_51,,Pending,104
92,2025-04-01,West,Clothing,104.05,Jaipur,42,Basic,2025-04-01 16:32:00,user92@mail.com,user_92,381.68,Pending,102
1,2025-05-09,East,Clothing,29.52,Pune,26,Basic,2025-05-09 17:44:00,user1@mail.com,user_1,39.5,Cancelled,103
237,2025-03-26,West,Grocery,816.72,Mumbai,30,Free,2025-03-26 11:04:00,user237@mail.com,user_237,356.26,Pending,103
190,2025-06-28,West,Furniture,988.91,Jaipur,45,Free,2025-06-28 17:16:00,user190@mail.com,user_190,154.6,Completed,103
121,2025-01-25,South,Books,335.93,Chennai,56,Premium,2025-01-25 23:09:00,user121@mail.com,user_121,,Cancelled,102
241,2025-06-28,North,Grocery,727.96,Bengaluru,47,Free,2025-06-28 12:14:00,user241@mail.com,user_241,26.87,Completed,102
255,2025-03-09,West,Furniture,645.61,Bengaluru,44,Free,2025-03-09 21:23:00,user255@mail.com,user_255,326.46,Cancelled,103
90,2025-06-22,West,Grocery,44.56,Delhi,48,Free,2025-06-22 07:22:00,user90@mail.com,user_90,240.68,Completed,105
88,2025-02-17,North,Books,255.53,Mumbai,42,Premium,2025-02-17 09:07:00,user88@mail.com,user_88,474.44,Pending,104
248,2025-04-29,East,Books,499.8,Delhi,51,Basic,2025-04-29 08:07:00,,user_248,244.19,Pending,103
214,2025-02-03,South,Clothing,66.56,Jaipur,42,Basic,2025-02-03 11:41:00,user214@mail.com,user_214,68.92,Completed,103
215,2025-04-15,North,Electronics,278.48,Jaipur,40,Basic,2025-04-15 14:38:00,user215@mail.com,user_215,145.25,Cancelled,101
193,2025-06-09,South,Books,231.04,Chennai,16,Basic,2025-06-09 05:43:00,user193@mail.com,user_193,429.97,Pending,103
122,2025-05-03,East,Clothing,303.97,Pune,37,Basic,2025-05-03 18:02:00,user122@mail.com,user_122,32.77,,105
62,2025-04-18,South,Clothing,510.52,Delhi,53,Free,2025-04-18 07:04:00,user62@mail.com,user_62,153.09,Cancelled,104
131,2025-05-01,West,Electronics,568.55,Bengaluru,53,Premium,2025-05-01 05:15:00,user131@mail.com,user_131,175.16,Cancelled,105
112,2025-06-18,West,Grocery,790.86,Hyderabad,24,Basic,2025-06-18 10:15:00,user112@mail.com,,350.73,,101
61,2025-01-24,East,Grocery,515.5,Jaipur,57,Free,2025-01-24 00:35:00,user61@mail.com,user_61,413.33,Pending,102
31,2025-05-24,North,Books,232.26,Hyderabad,22,Premium,2025-05-24 00:18:00,user31@mail.com,user_31,113.38,Completed,101
246,2025-02-03,South,Clothing,688.84,Delhi,39,Basic,2025-02-03 09:40:00,user246@mail.com,user_246,476.54,Cancelled,103
46,2025-04-29,East,Grocery,17.64,Mumbai,22,Basic,2025-04-29 15:42:00,user46@mail.com,user_46,62.02,Completed,105
263,2025-04-10,North,Grocery,380.09,Chennai,56,Premium,2025-04-10 00:11:00,user263@mail.com,user_263,326.24,Cancelled,101
299,2025-03-24,West,Grocery,990.08,Delhi,39,Basic,2025-03-24 08:34:00,user299@mail.com,user_299,185.37,,105
106,2025-02-27,West,Books,154.36,Jaipur,18,Premium,2025-02-27 16:26:00,user106@mail.com,,397.06,Pending,105
11,2025-01-03,North,Electronics,259.28,Bengaluru,33,Premium,2025-01-03 13:53:00,,user_11,23.72,Completed,104
138,2025-03-24,South,Grocery,809,Delhi,41,Basic,2025-03-24 13:31:00,user138@mail.com,user_138,409.37,Completed,105
190,2025-05-16,East,Grocery,538.92,Pune,40,Free,2025-05-16 18:16:00,user190@mail.com,user_190,347.43,Cancelled,102
36,2025-03-28,West,Electronics,555.55,Mumbai,38,Premium,2025-03-28 15:37:00,user36@mail.com,,189.95,,104
253,2025-04-03,South,Books,753.36,Pune,44,Free,2025-04-03 08:42:00,,user_253,346.62,Cancelled,102
294,2025-05-31,West,Electronics,425.09,Jaipur,52,Premium,2025-05-31 01:27:00,user294@mail.com,user_294,214.5,,101
186,2025-05-12,North,Books,581.17,Pune,32,Premium,2025-05-12 09:45:00,user186@mail.com,user_186,410.7,Cancelled,102
109,2025-01-28,South,Furniture,760.7,Mumbai,32,Basic,2025-01-28 01:25:00,user109@mail.com,user_109,89.02,Completed,103
192,2025-04-26,East,Grocery,104.97,Kolkata,55,Free,2025-04-26 00:17:00,user192@mail.com,user_192,315.3,Cancelled,101
90,2025-01-27,South,Books,871.43,Pune,46,Basic,2025-01-27 00:25:00,user90@mail.com,user_90,466.02,,103
147,2025-03-19,South,Furniture,553.74,Chennai,18,Free,2025-03-19 21:33:00,user147@mail.com,user_147,287.36,,105
119,2025-04-16,East,Clothing,503.03,Mumbai,25,Free,2025-04-16 22:32:00,user119@mail.com,user_119,345.55,Pending,102
32,2025-05-15,West,Clothing,703.99,Jaipur,36,Premium,2025-05-15 00:59:00,,user_32,115.17,Completed,102
48,2025-06-19,North,Grocery,859.42,Chennai,55,Basic,2025-06-19 00:38:00,user48@mail.com,user_48,438.59,Completed,105
76,2025-05-04,West,Furniture,763.64,Mumbai,58,Basic,2025-05-04 17:41:00,,,,Cancelled,103
61,2025-02-19,East,Clothing,75.56,Delhi,21,Basic,2025-02-19 23:33:00,user61@mail.com,user_61,43.63,Pending,104
124,2025-05-15,North,Books,909.57,Kolkata,39,Premium,2025-05-15 17:54:00,user124@mail.com,user_124,103.42,Pending,105
57,2025-03-28,East,Books,221.3,Mumbai,53,Premium,2025-03-28 01:35:00,user57@mail.com,user_57,422.39,Cancelled,103
196,2025-05-14,North,Grocery,980.47,Pune,55,Premium,2025-05-14 18:02:00,,user_196,149.35,,103
176,2025-05-29,North,Furniture,136.52,Chennai,38,Basic,2025-05-29 01:06:00,user176@mail.com,user_176,247.89,Pending,105
130,2025-03-09,East,Grocery,908.2,Bengaluru,55,Free,2025-03-09 04:05:00,,user_130,378.16,Completed,103
273,2025-04-11,East,Furniture,240.6,Hyderabad,27,Premium,2025-04-11 10:52:00,user273@mail.com,user_273,,Cancelled,103
137,2025-01-19,South,Books,913.67,Jaipur,47,Free,2025-01-19 19:16:00,user137@mail.com,user_137,,Pending,105
58,2025-04-06,East,Clothing,328.15,Jaipur,38,Basic,2025-04-06 02:31:00,user58@mail.com,,303.62,Pending,104
58,2025-03-10,South,Books,727.51,Hyderabad,50,Basic,2025-03-10 12:37:00,,user_58,456.22,,103
15,2025-03-14,North,Books,484.97,Delhi,50,Basic,2025-03-14 00:16:00,user15@mail.com,user_15,188.68,Completed,103
134,2025-06-12,East,Grocery,78.61,Bengaluru,51,Premium,2025-06-12 22:37:00,user134@mail.com,user_134,191.05,Pending,103
252,2025-02-25,West,Furniture,936.09,Chennai,46,Basic,2025-02-25 07:37:00,user252@mail.com,user_252,294.65,Completed,103
19,2025-05-06,East,Electronics,166.05,Jaipur,43,Premium,2025-05-06 01:55:00,user19@mail.com,user_19,51.15,Completed,105
65,2025-04-16,South,Books,905.53,Pune,28,Basic,2025-04-16 19:23:00,user65@mail.com,user_65,436.84,Completed,102
249,2025-04-25,West,Clothing,787.1,Delhi,21,Basic,2025-04-25 19:25:00,user249@mail.com,,459.64,Pending,104
208,2025-01-01,West,Books,672.91,Bengaluru,55,Free,2025-01-01 00:42:00,user208@mail.com,,,Pending,102
6,2025-01-07,West,Furniture,754.17,Hyderabad,59,Basic,2025-01-07 22:54:00,user6@mail.com,user_6,416.25,Cancelled,104
283,2025-06-18,North,Electronics,865.64,Jaipur,22,Premium,2025-06-18 23:43:00,user283@mail.com,user_283,414.14,Cancelled,101
181,2025-01-06,North,Grocery,980.46,Chennai,60,Free,2025-01-06 09:08:00,user181@mail.com,user_181,324.3,Pending,101
